AllClinical00,ElementName_candidate,Dataset,DataType,Type,Size,Required,ElementDescription,ValueRange,Notes,Aliases
ID,id,Participant Identifier,,Identifier,,,Release ID,,,
VERSION,version,Medical Outcomes,String,Unknown,20,Recommended,Version/code of assessment,,"e.g., Self-Report, Parent Form, Short Form, Revised Version",
V00BLDCOLL,bldcoll,Biomarkers,Integer,Nominal,,Recommended,Phlebotomy: which draw(s) blood obtained at,0::3,0= No sample collected at visit; 1= Sample at 1st collection only; 2= Sample at 2nd collection only; 3= Sample at 1st and 2nd collections,
V00BLDHRS1,bldhrs1,Biomarkers,String,Time,20,Recommended,Phlebotomy: time venipuncture completed (first draw),,,
V00BLDHRS2,bldhrs2,Biomarkers,String,Time,20,Recommended,Phlebotomy: time venipuncture completed (repeat draw),,,
V00BLDRAW1,bldraw1,Biomarkers,Integer,Binary,,Recommended,Phlebotomy: any blood drawn (first draw),0;1,0=No; 1=Yes,
V00BLDRAW2,bldraw2,Biomarkers,Integer,Binary,,Recommended,Phlebotomy: any blood drawn (repeat draw),0;1,0=No; 1=Yes,
V00BLSURD1,blsurd1,Biomarkers,Integer,Count,,Recommended,Phlebotomy: days between most recent surgery and blood draw (first draw),,,
V00BLSURD2,blsurd2,Biomarkers,Integer,Count,,Recommended,Phlebotomy: days between most recent surgery and blood draw (repeat draw),,,
V00CITRATE,citrate,Biomarkers,Integer,Nominal,,Recommended,Phlebotomy: which draw(s) citrate obtained at,0::3,0= No sample collected at visit; 1= Sample at 1st collection only; 2= Sample at 2nd collection only; 3= Sample at 1st and 2nd collections,
V00EDTA,edta,Biomarkers,Integer,Nominal,,Recommended,Phlebotomy: which draw(s) EDTA obtained at,0::3,0= No sample collected at visit; 1= Sample at 1st collection only; 2= Sample at 2nd collection only; 3= Sample at 1st and 2nd collections,
V00excess1,excess1,Biomarkers,Integer,Binary,,Recommended,"Phlebotomy: traumatic venipuncture, excessive duration of draw (first draw)",0;1,0=No; 1=Yes,
V00excess2,excess2,Biomarkers,Integer,Binary,,Recommended,"Phlebotomy: traumatic venipuncture, excessive duration of draw (repeat draw)",0;1,0=No; 1=Yes,
V00hemat1,hemat1,Biomarkers,Integer,Binary,,Recommended,"Phlebotomy: traumatic venipuncture, hematoma (first draw)",0;1,0=No; 1=Yes,
V00hemat2,hemat2,Biomarkers,Integer,Binary,,Recommended,"Phlebotomy: traumatic venipuncture, hematoma (repeat draw)",0;1,0=No; 1=Yes,
V00hoursp1,hoursp1,Biomarkers,Integer,Count,,Recommended,Phlebotomy: how many hours passed since last ate any food before blood draw (first draw),,,
V00hoursp2,hoursp2,Biomarkers,Integer,Count,,Recommended,Phlebotomy: how many hours passed since last ate any food before blood draw (repeat draw),,,
V00hrsuc1,hrsuc1,Biomarkers,Float,Continuous,,Recommended,Urine collection: hours since ate food before collection (first collection),,,
V00hrsuc2,hrsuc2,Biomarkers,Float,Continuous,,Recommended,Urine collection: hours since ate food before collection (repeat collection),,,
V00illpwk1,illpwk1,Biomarkers,Integer,Binary,,Recommended,"Phlebotomy: had illness in past week requiring antibiotics, hospitalization or steroids (first draw)",0;1,0=No; 1=Yes,
V00illpwk2,illpwk2,Biomarkers,Integer,Binary,,Recommended,"Phlebotomy: had illness in past week requiring antibiotics, hospitalization or steroids (repeat draw)",0;1,0=No; 1=Yes,
V00LEAKAG1,leakag1,Biomarkers,Integer,Binary,,Recommended,"Phlebotomy: traumatic venipuncture, leakage at venipuncture site (first draw)",0;1,0=No; 1=Yes,
V00LEAKAG2,leakag2,Biomarkers,Integer,Binary,,Recommended,"Phlebotomy: traumatic venipuncture, leakage at venipuncture site (repeat draw)",0;1,0=No; 1=Yes,
V00MRSEQNL,mrseqnl,Medical History,Integer,Count,,Recommended,"MRI:Left knee, number of unique OAI standard MRI sequences obtained",0::7,,
V00MRSEQNR,mrseqnr,Medical History,Integer,Count,,Recommended,"MRI:Right knee, number of unique OAI standard MRI sequences obtained",0::7,,
V00MULTST1,multst1,Biomarkers,Integer,Binary,,Recommended,"Phlebotomy: traumatic venipuncture, multiple sticks (first draw)",0;1,0=No; 1=Yes,
V00MULTST2,multst2,Biomarkers,Integer,Binary,,Recommended,"Phlebotomy: traumatic venipuncture, multiple sticks (repeat draw)",0;1,0=No; 1=Yes,
V00othvp1,othvp1,Biomarkers,Integer,Binary,,Recommended,"Phlebotomy: traumatic venipuncture, other (first draw)",0;1,0=No; 1=Yes,
V00othvp2,othvp2,Biomarkers,Integer,Binary,,Recommended,"Phlebotomy: traumatic venipuncture, other (repeat draw)",0;1,0=No; 1=Yes,
V00pdate1,pdate1,Biomarkers,Date,Date,,Recommended,Phlebotomy: date of blood draw (first draw),,,
V00pdate2,pdate2,Biomarkers,Date,Date,,Recommended,Phlebotomy: date of blood draw (repeat draw),,,
V00PLAQHR1,plaqhr1,Biomarkers,String,Time,20,Recommended,Laboratory processing: time at start of plasma aliquoting (first draw),,,
V00PLAQHR2,plaqhr2,Biomarkers,String,Time,20,Recommended,Laboratory processing: time at start of plasma aliquoting (repeat draw),,,
V00qovp1,qovp1,Biomarkers,Integer,Binary,,Recommended,Phlebotomy: quality of venipuncture (first draw),1;2,1= Clean; 2= Traumatic,
V00qovp2,qovp2,Biomarkers,Integer,Binary,,Recommended,Phlebotomy: quality of venipuncture (repeat draw),1;2,1= Clean; 2= Traumatic,
V00SEAQHR1,seaqhr1,Biomarkers,String,Time,20,Recommended,Laboratory processing: time at start of serum aliquoting (first draw),,,
V00SEAQHR2,seaqhr2,Biomarkers,String,Time,20,Recommended,Laboratory processing: time at start of serum aliquoting (repeat draw),,,
V00SERUM,srgstat,Biomarkers,Integer,Nominal,,Recommended,Phlebotomy: completeness of recent surgery information,0::7,"0= Surgery info thru 12 mo before MRI date; 1= Surgery info only thru 2 mo before MRI date; 2= 12-m info thru prescreen date, no planned surgery; 3= 12-m info thru prescreen date, surgery planned; 4= 2-m info thru prescreen date, no planned surgery; 5= 2-m info thru prescreen date, surgery planned; 6= Surgery info not collected; 7= Surgery info thru 12 mo as of clinic visit",
V00ucdate1,ucdate1,Biomarkers,Date,Date,,Recommended,Urine collection: date of sample collection (first collection),,,
V00ucdate2,ucdate2,Biomarkers,Date,Date,,Recommended,Urine collection: date of sample collection (repeat collection),,,
V00URINHR1,urinhr1,Biomarkers,String,Time,20,Recommended,Urine collection: time collected (first collection),,,
V00URINHR2,urinhr2,Biomarkers,String,Time,20,Recommended,Urine collection: time collected (repeat collection),,,
V00URINOB1,urinob1,Biomarkers,Integer,Binary,,Recommended,Urine collection: specimen obtained (first collection),0;1,0=No; 1=Yes,
V00URINOB2,urinob2,Biomarkers,Integer,Binary,,Recommended,Urine collection: specimen obtained (repeat collection),0;1,0=No; 1=Yes,
V00URNCOLL,urncoll,Biomarkers,Integer,Nominal,,Recommended,Urine collection: which sample collection(s) specimen obtained at,0::3,0= No sample collected at visit; 1= Sample at 1st collection only; 2= Sample at 2nd collection only; 3= Sample at 1st and 2nd collections,
V00URSURD1,ursurd1,Biomarkers,Integer,Count,,Recommended,Urine collection: days between most recent surgery and collection (first collection),,,
V00URSURD2,ursurd2,Biomarkers,Integer,Count,,Recommended,Urine collection: days between most recent surgery and collection (repeat collection),,,
V00vcoll1,vcoll1,Biomarkers,Integer,Binary,,Recommended,"Phlebotomy: traumatic venipuncture, vein collapse (first draw)",0;1,0=No; 1=Yes,
V00vcoll2,vcoll2,Biomarkers,Integer,Binary,,Recommended,"Phlebotomy: traumatic venipuncture, vein collapse (repeat draw)",0;1,0=No; 1=Yes,
V00vein1,vein1,Biomarkers,Integer,Binary,,Recommended,"Phlebotomy: traumatic venipuncture, vein hard to get (first draw)",0;1,0=No; 1=Yes,
V00vein2,vein2,Biomarkers,Integer,Binary,,Recommended,"Phlebotomy: traumatic venipuncture, vein hard to get (repeat draw)",0;1,0=No; 1=Yes,
V00void1,void1,Biomarkers,Integer,Nominal,,Recommended,Urine collection: which void(s) collected (first collection),0::4; 55,0= No urine collected; 1= First void aliquoted; 2= Second void only aliquoted; 3= Second plus later voids; 4= Third and/or later voids only; 55= pre-arising,
V00void2,void2,Biomarkers,Integer,Nominal,,Recommended,Urine collection: which void(s) collected (repeat collection),0::4,0= No urine collected; 1= First void aliquoted; 2= Second void only aliquoted; 3= Second plus later voids; 4= Third and/or later voids only,
P02KPN,kpn,Pain and Medication,Integer,Binary,,Recommended,"Eligibility Interview: Either knee pain, aching or stiffness: any, past 12 months (used for study eligibility)",0;1,0=No; 1=Yes,
P01KPNREV,kpnrev,Pain and Medication,Integer,Binary,,Recommended,"Right knee pain, aching or stiffness: ever had more than half the days of a month",0;1,0=No; 1=Yes,
P01KPNREVY,kpnrevy,Pain and Medication,Integer,Ordinal,,Recommended,"Right knee pain, aching or stiffness: started about how many years ago",1;2;5,1= 1 year or less; 2= 2 to 5 years; 5= More than 5 years,
P01KPNR12,kpnr12,Pain and Medication,Integer,Binary,,Recommended,"Right knee pain, aching or stiffness: any, past 12 months",0;1,0=No; 1=Yes,
P01KPNR12M,kpnr12m,Pain and Medication,Integer,Count,,Recommended,"Right knee pain, aching or stiffness: how many months on more than half the days of a month, past 12 months",,,
P01KPNLEV,kpnlev,Pain and Medication,Integer,Binary,,Recommended,"Left knee pain, aching or stiffness: ever had more than half the days of a month",0;1,0=No; 1=Yes,
P01KPNLEVY,kpnlevy,Pain and Medication,Integer,Ordinal,,Recommended,"Left knee pain, aching or stiffness: started about how many years ago",1;2;5,1= 1 year or less; 2= 2 to 5 years; 5= More than 5 years,
P01KPNL12,kpnl12,Pain and Medication,Integer,Binary,,Recommended,"Left knee pain, aching or stiffness: any, past 12 months",0;1,0=No; 1=Yes,
P01KPNL12M,kpnl12m,Pain and Medication,Integer,Count,,Recommended,"Left knee pain, aching or stiffness: how many months on more than half the days of a month, past 12 months",,,
P01KPACT30,kpact30,Pain and Medication,Integer,Binary,,Recommended,"Either knee, limit activities due to pain, aching or stiffness, past 30 days",0;1,0=No; 1=Yes,
P01HPNR12,hpnr12,Pain and Medication,Integer,Binary,,Recommended,"Right hip pain, aching or stiffness: any, past 12 months (includes pain in groin and in front and sides of upper thigh)",0;1,0=No; 1=Yes,
P01HPNRIL,hpnril,Pain and Medication,Integer,Nominal,,Recommended,"Right hip pain, aching or stiffness location: groin/inside leg near hip",1::5,1= Groin/Inside leg near hip;2=outside of leg near hip; 3=Front of leg near hip; 4= buttocks; 5=lower back,
P01HPNROL,hpnrol,Pain and Medication,Integer,Nominal,,Recommended,"Right hip pain, aching or stiffness location: outside of leg near hip",2::5,2=outside of leg near hip; 3=Front of leg near hip; 4= buttocks; 5=lower back,
P01HPNRFL,hpnrfl,Pain and Medication,Integer,Nominal,,Recommended,"Right hip pain, aching or stiffness location: front of leg near hip",2::5,2=outside of leg near hip; 3=Front of leg near hip; 4= buttocks; 5=lower back,
P01HPNRB,hpnrb,Pain and Medication,Integer,Nominal,,Recommended,"Right hip pain, aching or stiffness location: buttocks",2::5,2=outside of leg near hip; 3=Front of leg near hip; 4= buttocks; 5=lower back,
P01HPNRLB,hpnrlb,Pain and Medication,Integer,Nominal,,Recommended,"Right hip pain, aching or stiffness location: lower back",2::5,2=outside of leg near hip; 3=Front of leg near hip; 4= buttocks; 5=lower back,
P01HPNRDK,hpnrdk,Pain and Medication,Integer,Nominal,,Recommended,"Right hip pain, aching or stiffness location: don't know",2::5,2=outside of leg near hip; 3=Front of leg near hip; 4= buttocks; 5=lower back,
P01HPNL12,hpnl12,Pain and Medication,Integer,Binary,,Recommended,"Left hip pain, aching or stiffness: any, past 12 months (includes pain in groin and in front and sides of upper thigh)",0;1,0=No; 1=Yes,
P01HPNLIL,hpnlil,Pain and Medication,Integer,Nominal,,Recommended,"Left hip pain, aching or stiffness location: groin/inside leg near hip",1::5,1= Groin/Inside leg near hip;2=outside of leg near hip; 3=Front of leg near hip; 4= buttocks; 5=lower back,
P01HPNLOL,hpnlol,Pain and Medication,Integer,Nominal,,Recommended,"Left hip pain, aching or stiffness location: outside of leg near hip",2::5,2=outside of leg near hip; 3=Front of leg near hip; 4= buttocks; 5=lower back,
P01HPNLFL,hpnlfl,Pain and Medication,Integer,Nominal,,Recommended,"Left hip pain, aching or stiffness location: front of leg near hip",2::5,2=outside of leg near hip; 3=Front of leg near hip; 4= buttocks; 5=lower back,
P01HPNLB,hpnlb,Pain and Medication,Integer,Nominal,,Recommended,"Left hip pain, aching or stiffness location: buttocks",2::5,2=outside of leg near hip; 3=Front of leg near hip; 4= buttocks; 5=lower back,
P01HPNLLB,hpnllb,Pain and Medication,Integer,Nominal,,Recommended,"Left hip pain, aching or stiffness location: lower back",2::5,2=outside of leg near hip; 3=Front of leg near hip; 4= buttocks; 5=lower back,
P01HPNLDK,hpnldk,Pain and Medication,Integer,Nominal,,Recommended,"Left hip pain, aching or stiffness location: don't know",2::5,2=outside of leg near hip; 3=Front of leg near hip; 4= buttocks; 5=lower back,
P01BP30,bp30,Pain and Medication,Integer,Binary,,Recommended,"Any back pain, past 30 days",0;1,0=No; 1=Yes,
P01BP30OFT,bp30oft,Pain and Medication,Integer,Ordinal,,Recommended,"How often bothered by back pain, past 30 days",0::3,0=Rarely; 1=Some of the time; 2=Most of the time; 3=All of the time,
P01BPBAD,bpbad,Pain and Medication,Integer,Ordinal,,Recommended,"When had back pain how bad was it on average, past 30 days",0::4,0= None; 1= Mild; 2= Moderate; 3= Severe; 4= Extreme,
P01BPUB,bpub,Pain and Medication,Integer,Binary,,Recommended,"Back pain location, upper back",0;1,0=No; 1=Yes,
P01BPMB,bpmb,Pain and Medication,Integer,Binary,,Recommended,"Back pain location, middle back",0;1,0=No; 1=Yes,
P01BPLB,bplb,Pain and Medication,Integer,Binary,,Recommended,"Back pain location, lower back",0;1,0=No; 1=Yes,
P01BPB,bpb,Pain and Medication,Integer,Binary,,Recommended,"Back pain location, buttocks",0;1,0=No; 1=Yes,
P01BPDK,bpdk,Pain and Medication,Integer,Binary,,Recommended,"Back pain location, don't know",0;1,0=No; 1=Yes,
P01OJPNRS,ojpnrs,Pain and Medication,Integer,Binary,,Recommended,"Right shoulder pain, aching or stiffness: more than half the days, past 30 days",0;1,0=No; 1=Yes,
P01OJPNLS,ojpnls,Pain and Medication,Integer,Binary,,Recommended,"Left shoulder pain, aching or stiffness: more than half the days, past 30 days",0;1,0=No; 1=Yes,
P01OJPNRE,ojpnre,Pain and Medication,Integer,Binary,,Recommended,"Right elbow pain, aching or stiffness: more than half the days, past 30 days",0;1,0=No; 1=Yes,
P01OJPNLE,ojpnle,Pain and Medication,Integer,Binary,,Recommended,"Left elbow pain, aching or stiffness: more than half the days, past 30 days",0;1,0=No; 1=Yes,
P01OJPNRW,ojpnrw,Pain and Medication,Integer,Binary,,Recommended,"Right wrist pain, aching or stiffness: more than half the days, past 30 days",0;1,0=No; 1=Yes,
P01OJPNLW,ojpnlw,Pain and Medication,Integer,Binary,,Recommended,"Left wrist pain, aching or stiffness: more than half the days, past 30 days",0;1,0=No; 1=Yes,
P01OJPNRH,ojpnrh,Pain and Medication,Integer,Binary,,Recommended,"Right hand/finger pain, aching or stiffness: more than half the days, past 30 days",0;1,0=No; 1=Yes,
P01OJPNLH,ojpnlh,Pain and Medication,Integer,Binary,,Recommended,"Left hand/finger pain, aching or stiffness: more than half the days, past 30 days",0;1,0=No; 1=Yes,
P01OJPNRA,ojpnra,Pain and Medication,Integer,Binary,,Recommended,"Right ankle pain, aching or stiffness: more than half the days, past 30 days",0;1,0=No; 1=Yes,
P01OJPNLA,ojpnla,Pain and Medication,Integer,Binary,,Recommended,"Left ankle pain, aching or stiffness: more than half the days, past 30 days",0;1,0=No; 1=Yes,
P01OJPNRF,ojpnrf,Pain and Medication,Integer,Binary,,Recommended,"Right foot pain, aching or stiffness: more than half the days, past 30 days",0;1,0=No; 1=Yes,
P01OJPNLF,ojpnlf,Pain and Medication,Integer,Binary,,Recommended,"Left foot pain, aching or stiffness: more than half the days, past 30 days",0;1,0=No; 1=Yes,
P01OJPNNK,ojpnnk,Pain and Medication,Integer,Binary,,Recommended,"Neck pain, aching or stiffness: more than half the days, past 30 days",0;1,0=No; 1=Yes,
P01OJPNNO,ojpnno,Pain and Medication,Integer,Binary,,Recommended,"Other joints pain, aching or stiffness: more than half the days, past 30 days, no, don't know, refused",0;1,0=No; 1=Yes,
P01TMJE6M,tmje6m,Pain and Medication,Integer,Binary,,Recommended,"TMJ: jaw joint or in front of ear, experienced pain or aching, past 6 months",0;1,0=No; 1=Yes,
P01TMJEPN1,tmjepn1,Pain and Medication,Integer,Binary,,Recommended,"TMJ: jaw joint or in front of ear, first have pain or aching more than 6 months ago",0;1,0=No; 1=Yes,
P01TMJE30D,tmje30d,Pain and Medication,Integer,Count,,Recommended,"TMJ: jaw joint or in front of ear, how many days had pain or aching, past 30 days",,,
P01TMJE30A,tmje30a,Pain and Medication,Integer,Count,,Recommended,"TMJ: jaw joint or in front of ear, how many days pain or aching keep from doing usual activities (e.g., work, school...), past 30 days",,,
P01TMJF6M,tmjf6m,Pain and Medication,Integer,Binary,,Recommended,"TMJ: across face or cheek, experienced pain or aching, past 6 months",0;1,0=No; 1=Yes,
P01TMJFPN1,tmjfpn1,Pain and Medication,Integer,Binary,,Recommended,"TMJ: across face or cheek, first have pain or aching more than 6 months ago",0;1,0=No; 1=Yes,
P01TMJF30D,tmjf30d,Pain and Medication,Integer,Count,,Recommended,"TMJ: across face or cheek, how many days had pain or aching, past 30 days",,,
P01TMJF30A,tmjf30a,Pain and Medication,Integer,Count,,Recommended,"TMJ: across face or cheek, how many days pain or aching keep from doing usual activities (e.g., work, school...), past 30 days",,,
V00SF1,sf_01,Medical Outcomes,Integer,Ordinal,,Recommended,"In general, how is your health?",1::5;98;99,1 = Excellent; 2 = Very Good; 3 = Good; 4 = Fair; 5 = Poor; 98=I don't know; 99=I prefer not to answer,
V00SF2,sf_02,Medical Outcomes,Integer,Ordinal,,Recommended,"How much does your health limit your involvement in moderate activities (e.g., moving a table, pushing vacuum cleaner...)?",1::3,1 = Yes - Limited A Lot 2 = Yes - Limited A Little; 3 = No - Not Limited At All,
V00SF3,sf_03,Medical Outcomes,Integer,Ordinal,,Recommended,How much does health limit your ability to climb several flights of stair?,1::3,1 = Yes - Limited A Lot 2 = Yes - Limited A Little; 3 = No - Not Limited At All,
V00SF4,sf_04,Medical Outcomes,Integer,Ordinal,,Recommended,How often in the past 4 weeks did your physical health result in accomplishing less than you would like with work or other activities?,1::5,1 = All of the time; 2 = Most of the time; 3 = Some of the time; 4 = A little of the time; 5 = None of the time,
V00SF5,sf_05,Medical Outcomes,Integer,Ordinal,,Recommended,How often in the past 4 weeks did your physical health result in being limited in kind of work or other activities?,1::5,1 = All of the time; 2 = Most of the time; 3 = Some of the time; 4 = A little of the time; 5 = None of the time,
V00SF6,sf_06,Medical Outcomes,Integer,Ordinal,,Recommended,How often in the past 4 weeks did your emotional problems result in accomplishing less than you would like with work or other activities?,1::5,1 = All of the time; 2 = Most of the time; 3 = Some of the time; 4 = A little of the time; 5 = None of the time,
V00SF7,sf_07,Medical Outcomes,Integer,Ordinal,,Recommended,How often in the past 4 weeks did your emotional problems result in not doing work or activities as carefully as usual?,1::5,1 = All of the time; 2 = Most of the time; 3 = Some of the time; 4 = A little of the time; 5 = None of the time,
V00SF8,sf_08,Medical Outcomes,Integer,Ordinal,,Recommended,How much in the past 4 weeks did pain interfere with normal work (including work outside home and housework)?,1::5,1 = Not at all; 2 = Slightly; 3 = Moderately; 4 = Quite a bit; 5 = Extremely,
V00SF9,sf_09,Medical Outcomes,Integer,Ordinal,,Recommended,How often in the past 4 weeks did you feel calm and peaceful?,1::5,1 = All of the time; 2 = Most of the time; 3 = Some of the time; 4 = A little of the time; 5 = None of the time,
V00SF10,sf_10,Medical Outcomes,Integer,Ordinal,,Recommended,How often in the past 4 weeks did you have a lot of energy?,1::5,1 = All of the time; 2 = Most of the time; 3 = Some of the time; 4 = A little of the time; 5 = None of the time,
V00SF11,sf_11,Medical Outcomes,Integer,Ordinal,,Recommended,How often in the past 4 weeks did you feel downhearted and depressed?,1::5,1 = All of the time; 2 = Most of the time; 3 = Some of the time; 4 = A little of the time; 5 = None of the time,
V00SF12,sf_12,Medical Outcomes,Integer,Ordinal,,Recommended,How often in the past 4 weeks did your physical health or emotional problems interfere with social activities (like visiting with friends...)?,1::5,1 = All of the time; 2 = Most of the time; 3 = Some of the time; 4 = A little of the time; 5 = None of the time,
V00WPRKN1,pain_rkn1,KOOS/WOMAC,Integer,Ordinal,,Recommended,"Right Knee Pain: Walking, Last 7 Days",0::4,0=None; 1=Mild; 2=Moderate; 3=Severe; 4=Extreme,
V00WPRKN2,pain_rkn2,KOOS/WOMAC,Integer,Ordinal,,Recommended,"Right Knee Pain: Stairs, Last 7 Days",0::4,0=None; 1=Mild; 2=Moderate; 3=Severe; 4=Extreme,
V00WPRKN3,pain_rkn3,KOOS/WOMAC,Integer,Ordinal,,Recommended,"Right Knee Pain: In Bed, Last 7 Days",0::4,0=None; 1=Mild; 2=Moderate; 3=Severe; 4=Extreme,
V00WPRKN4,pain_rkn4,KOOS/WOMAC,Integer,Ordinal,,Recommended,"Right Knee Pain: Sit Or Lie Down, Last 7 Days",0::4,0=None; 1=Mild; 2=Moderate; 3=Severe; 4=Extreme,
V00WPRKN5,pain_rkn5,KOOS/WOMAC,Integer,Ordinal,,Recommended,"Right Knee Pain: Standing, Last 7 Days",0::4,0=None; 1=Mild; 2=Moderate; 3=Severe; 4=Extreme,
V00KPRKN1,pain_rknsp1,KOOS/WOMAC,Integer,Ordinal,,Recommended,"Right knee pain: twisting/pivoting on knee, last 7 days",0::4,0=None; 1=Mild; 2=Moderate; 3=Severe; 4=Extreme,
V00KPRKN2,pain_rknsp2,KOOS/WOMAC,Integer,Ordinal,,Recommended,"Right knee pain: straightening knee fully, last 7 days",0::4,0=None; 1=Mild; 2=Moderate; 3=Severe; 4=Extreme,
V00KPRKN3,pain_rknsp3,KOOS/WOMAC,Integer,Ordinal,,Recommended,"Right knee pain: bending knee fully, last 7 days",0::4,0=None; 1=Mild; 2=Moderate; 3=Severe; 4=Extreme,
V00P7RKFR,pain_rkfr,KOOS/WOMAC,Integer,Ordinal,,Recommended,Right knee pain: how often,0::4,0=Never; 1=Monthly; 2=Weekly; 3=Daily; 4=Always,
V00WSRKN1,stiff_rkn1,KOOS/WOMAC,Integer,Ordinal,,Recommended,"Right Knee Stiffness: In Morning, Last 7 Days",0::4,0=None; 1=Mild; 2=Moderate; 3=Severe; 4=Extreme,
V00WSRKN2,stiff_rkn2,KOOS/WOMAC,Integer,Ordinal,,Recommended,"Right Knee Stiffness: Later In Day, Last 7 Days",0::4,0=None; 1=Mild; 2=Moderate; 3=Severe; 4=Extreme,
V00KSXRKN1,sym_rkn1,KOOS/WOMAC,Integer,Ordinal,,Recommended,"Right knee symptoms: swelling, last 7 days",0::4,0=Never; 1=Rarely; 2=Sometimes; 3=Often; 4=Always,
V00KSXRKN2,sym_rkn2,KOOS/WOMAC,Integer,Ordinal,,Recommended,"Right knee symptoms: feel grinding, hear clicking or any other type of noise when knee moves, last 7 days",0::4,0=Never; 1=Rarely; 2=Sometimes; 3=Often; 4=Always,
V00KSXRKN3,sym_rkn3,KOOS/WOMAC,Integer,Ordinal,,Recommended,"Right knee symptoms: knee catch or hang up when moving, last 7 days",0::4,0=Never; 1=Rarely; 2=Sometimes; 3=Often; 4=Always,
V00KSXRKN4,sym_rkn4,KOOS/WOMAC,Integer,Ordinal,,Recommended,"Right knee symptoms: straighten knee fully, last 7 days",0::4,0=Always; 1=Often; 2=Sometimes; 3=Rarely; 4=Never,
V00KSXRKN5,sym_rkn5,KOOS/WOMAC,Integer,Ordinal,,Recommended,"Right knee symptoms: bend knee fully, last 7 days",0::4,0=Always; 1=Often; 2=Sometimes; 3=Rarely; 4=Never,
V00DIRKN1,diff_rkn1,KOOS/WOMAC,Integer,Ordinal,,Recommended,"Right Knee Difficulty: Down Stairs, Last 7 Days",0::4,0 = None; 1 = Mild; 2 = Moderate; 3 = Severe; 4 = Extreme; blank = Not expected/ Missing/ Refused/ Do not know/Unknown/Uncertain/ Do not do/ Missing form/incomplete workbook,
V00DIRKN2,diff_rkn2,KOOS/WOMAC,Integer,Ordinal,,Recommended,"Right Knee Difficulty: Up Stairs, Last 7 Days",0::4,0 = None; 1 = Mild; 2 = Moderate; 3 = Severe; 4 = Extreme; blank = Not expected/ Missing/ Refused/ Do not know/Unknown/Uncertain/ Do not do/ Missing form/incomplete workbook,
V00DIRKN3,diff_rkn3,KOOS/WOMAC,Integer,Ordinal,,Recommended,"Right Knee Difficulty: Stand From Sitting, Last 7 Days",0::4,0 = None; 1 = Mild; 2 = Moderate; 3 = Severe; 4 = Extreme; blank = Not expected/ Missing/ Refused/ Do not know/Unknown/Uncertain/ Do not do/ Missing form/incomplete workbook,
V00DIRKN4,diff_rkn4,KOOS/WOMAC,Integer,Ordinal,,Recommended,"Right Knee Difficulty: Standing, Last 7 Days",0::4,0 = None; 1 = Mild; 2 = Moderate; 3 = Severe; 4 = Extreme; blank = Not expected/ Missing/ Refused/ Do not know/Unknown/Uncertain/ Do not do/ Missing form/incomplete workbook,
V00DIRKN5,diff_rkn5,KOOS/WOMAC,Integer,Ordinal,,Recommended,"Right Knee Difficulty: Bending, Last 7 Days",0::4,0 = None; 1 = Mild; 2 = Moderate; 3 = Severe; 4 = Extreme; blank = Not expected/ Missing/ Refused/ Do not know/Unknown/Uncertain/ Do not do/ Missing form/incomplete workbook,
V00DIRKN6,diff_rkn6,KOOS/WOMAC,Integer,Ordinal,,Recommended,"Right Knee Difficulty: Walking, Last 7 Days",0::4,0 = None; 1 = Mild; 2 = Moderate; 3 = Severe; 4 = Extreme; blank = Not expected/ Missing/ Refused/ Do not know/Unknown/Uncertain/ Do not do/ Missing form/incomplete workbook,
V00DIRKN7,diff_rkn7,KOOS/WOMAC,Integer,Ordinal,,Recommended,"Right Knee Difficulty: In Car/Out Of Car, Last 7 Days",0::4,0 = None; 1 = Mild; 2 = Moderate; 3 = Severe; 4 = Extreme; blank = Not expected/ Missing/ Refused/ Do not know/Unknown/Uncertain/ Do not do/ Missing form/incomplete workbook,
V00DIRKN8,diff_rkn8,KOOS/WOMAC,Integer,Ordinal,,Recommended,"Right Knee Difficulty: Shopping, Last 7 Days",0::4,0 = None; 1 = Mild; 2 = Moderate; 3 = Severe; 4 = Extreme; blank = Not expected/ Missing/ Refused/ Do not know/Unknown/Uncertain/ Do not do/ Missing form/incomplete workbook,
V00DIRKN9,diff_rkn9,KOOS/WOMAC,Integer,Ordinal,,Recommended,"Right Knee Difficulty: Socks On, Last 7 Days",0::4,0 = None; 1 = Mild; 2 = Moderate; 3 = Severe; 4 = Extreme; blank = Not expected/ Missing/ Refused/ Do not know/Unknown/Uncertain/ Do not do/ Missing form/incomplete workbook,
V00DIRKN10,diff_rkn10,KOOS/WOMAC,Integer,Ordinal,,Recommended,"Right Knee Difficulty: Get Out Of Bed, Last 7 Days",0::4,0 = None; 1 = Mild; 2 = Moderate; 3 = Severe; 4 = Extreme; blank = Not expected/ Missing/ Refused/ Do not know/Unknown/Uncertain/ Do not do/ Missing form/incomplete workbook,
V00DIRKN11,diff_rkn11,KOOS/WOMAC,Integer,Ordinal,,Recommended,"Right Knee Difficulty: Socks Off, Last 7 Days",0::4,0 = None; 1 = Mild; 2 = Moderate; 3 = Severe; 4 = Extreme; blank = Not expected/ Missing/ Refused/ Do not know/Unknown/Uncertain/ Do not do/ Missing form/incomplete workbook,
V00DIRKN12,diff_rkn12,KOOS/WOMAC,Integer,Ordinal,,Recommended,"Right Knee Difficulty: Lying Down, Last 7 Days",0::4,0 = None; 1 = Mild; 2 = Moderate; 3 = Severe; 4 = Extreme; blank = Not expected/ Missing/ Refused/ Do not know/Unknown/Uncertain/ Do not do/ Missing form/incomplete workbook,
V00DIRKN13,diff_rkn13,KOOS/WOMAC,Integer,Ordinal,,Recommended,"Right Knee Difficulty: Get In/Out Of Bathtub, Last 7 Days",0::4,0 = None; 1 = Mild; 2 = Moderate; 3 = Severe; 4 = Extreme; blank = Not expected/ Missing/ Refused/ Do not know/Unknown/Uncertain/ Do not do/ Missing form/incomplete workbook,
V00DIRKN14,diff_rkn14,KOOS/WOMAC,Integer,Ordinal,,Recommended,"Right Knee Difficulty: Sitting, Last 7 Days",0::4,0 = None; 1 = Mild; 2 = Moderate; 3 = Severe; 4 = Extreme; blank = Not expected/ Missing/ Refused/ Do not know/Unknown/Uncertain/ Do not do/ Missing form/incomplete workbook,
V00DIRKN15,diff_rkn15,KOOS/WOMAC,Integer,Ordinal,,Recommended,"Right Knee Difficulty: On/Off Toilet, Last 7 Days",0::4,0 = None; 1 = Mild; 2 = Moderate; 3 = Severe; 4 = Extreme; blank = Not expected/ Missing/ Refused/ Do not know/Unknown/Uncertain/ Do not do/ Missing form/incomplete workbook,
V00DIRKN16,diff_rkn16,KOOS/WOMAC,Integer,Ordinal,,Recommended,"Right Knee Difficulty: Heavy Chores, Last 7 Days",0::4,0 = None; 1 = Mild; 2 = Moderate; 3 = Severe; 4 = Extreme; blank = Not expected/ Missing/ Refused/ Do not know/Unknown/Uncertain/ Do not do/ Missing form/incomplete workbook,
V00DIRKN17,diff_rkn17,KOOS/WOMAC,Integer,Ordinal,,Recommended,"Right Knee Difficulty: Light Chores, Last 7 Days",0::4,0 = None; 1 = Mild; 2 = Moderate; 3 = Severe; 4 = Extreme; blank = Not expected/ Missing/ Refused/ Do not know/Unknown/Uncertain/ Do not do/ Missing form/incomplete workbook,
V00WPLKN1,pain_lkn1,KOOS/WOMAC,Integer,Ordinal,,Recommended,"Left Knee Pain: Walking, Last 7 Days",0::4,0=None; 1=Mild; 2=Moderate; 3=Severe; 4=Extreme,
V00WPLKN2,pain_lkn2,KOOS/WOMAC,Integer,Ordinal,,Recommended,"Left Knee Pain: Stairs, Last 7 Days",0::4,0=None; 1=Mild; 2=Moderate; 3=Severe; 4=Extreme,
V00WPLKN3,pain_lkn3,KOOS/WOMAC,Integer,Ordinal,,Recommended,"Left Knee Pain: In Bed, Last 7 Days",0::4,0=None; 1=Mild; 2=Moderate; 3=Severe; 4=Extreme,
V00WPLKN4,pain_lkn4,KOOS/WOMAC,Integer,Ordinal,,Recommended,"Left Knee Pain: Sit Or Lie Down, Last 7 Days",0::4,0=None; 1=Mild; 2=Moderate; 3=Severe; 4=Extreme,
V00WPLKN5,pain_lkn5,KOOS/WOMAC,Integer,Ordinal,,Recommended,"Left Knee Pain: Standing, Last 7 Days",0::4,0=None; 1=Mild; 2=Moderate; 3=Severe; 4=Extreme,
V00KPLKN1,pain_lknsp1,KOOS/WOMAC,Integer,Ordinal,,Recommended,"Left knee pain: twisting/pivoting on knee, last 7 days",0::4,0=None; 1=Mild; 2=Moderate; 3=Severe; 4=Extreme,
V00KPLKN2,pain_lknsp2,KOOS/WOMAC,Integer,Ordinal,,Recommended,"Left knee pain: straightening knee fully, last 7 days",0::4,0=None; 1=Mild; 2=Moderate; 3=Severe; 4=Extreme,
V00KPLKN3,pain_lknsp3,KOOS/WOMAC,Integer,Ordinal,,Recommended,"Left knee pain: bending knee fully, last 7 days",0::4,0=None; 1=Mild; 2=Moderate; 3=Severe; 4=Extreme,
V00P7LKFR,pain_lkfr,KOOS/WOMAC,Integer,Ordinal,,Recommended,Left knee pain: how often,0::4,0=Never; 1=Monthly; 2=Weekly; 3=Daily; 4=Always,
V00WSLKN1,stiff_lkn1,KOOS/WOMAC,Integer,Ordinal,,Recommended,"Left Knee Stiffness: In Morning, Last 7 Days",0::4,0=None; 1=Mild; 2=Moderate; 3=Severe; 4=Extreme,
V00WSLKN2,stiff_lkn2,KOOS/WOMAC,Integer,Ordinal,,Recommended,"Left Knee Stiffness: Later In Day, Last 7 Days",0::4,0=None; 1=Mild; 2=Moderate; 3=Severe; 4=Extreme,
V00KSXLKN1,sym_lkn1,KOOS/WOMAC,Integer,Ordinal,,Recommended,"Left knee symptoms: swelling, last 7 days",0::4,0=Never; 1=Rarely; 2=Sometimes; 3=Often; 4=Always,
V00KSXLKN2,sym_lkn2,KOOS/WOMAC,Integer,Ordinal,,Recommended,"Left knee symptoms: feel grinding, hear clicking or any other type of noise when knee moves, last 7 days",0::4,0=Never; 1=Rarely; 2=Sometimes; 3=Often; 4=Always,
V00KSXLKN3,sym_lkn3,KOOS/WOMAC,Integer,Ordinal,,Recommended,"Left knee symptoms: knee catch or hang up when moving, last 7 days",0::4,0=Never; 1=Rarely; 2=Sometimes; 3=Often; 4=Always,
V00KSXLKN4,sym_lkn4,KOOS/WOMAC,Integer,Ordinal,,Recommended,"Left knee symptoms: straighten knee fully, last 7 days",0::4,0=Always; 1=Often; 2=Sometimes; 3=Rarely; 4=Never,
V00KSXLKN5,sym_lkn5,KOOS/WOMAC,Integer,Ordinal,,Recommended,"Left knee symptoms: bend knee fully, last 7 days",0::4,0=Always; 1=Often; 2=Sometimes; 3=Rarely; 4=Never,
V00DILKN1,diff_lkn1,KOOS/WOMAC,Integer,Ordinal,,Recommended,"Left Knee Difficulty: Down Stairs, Last 7 Days",0::4,0 = None; 1 = Mild; 2 = Moderate; 3 = Severe; 4 = Extreme; blank = Not expected/ Missing/ Refused/ Do not know/Unknown/Uncertain/ Do not do/ Missing form/incomplete workbook,
V00DILKN2,diff_lkn2,KOOS/WOMAC,Integer,Ordinal,,Recommended,"Left Knee Difficulty: Up Stairs, Last 7 Days",0::4,0 = None; 1 = Mild; 2 = Moderate; 3 = Severe; 4 = Extreme; blank = Not expected/ Missing/ Refused/ Do not know/Unknown/Uncertain/ Do not do/ Missing form/incomplete workbook,
V00DILKN3,diff_lkn3,KOOS/WOMAC,Integer,Ordinal,,Recommended,"Left Knee Difficulty: Stand From Sitting, Last 7 Days",0::4,0 = None; 1 = Mild; 2 = Moderate; 3 = Severe; 4 = Extreme; blank = Not expected/ Missing/ Refused/ Do not know/Unknown/Uncertain/ Do not do/ Missing form/incomplete workbook,
V00DILKN4,diff_lkn4,KOOS/WOMAC,Integer,Ordinal,,Recommended,"Left Knee Difficulty: Standing, Last 7 Days",0::4,0 = None; 1 = Mild; 2 = Moderate; 3 = Severe; 4 = Extreme; blank = Not expected/ Missing/ Refused/ Do not know/Unknown/Uncertain/ Do not do/ Missing form/incomplete workbook,
V00DILKN5,diff_lkn5,KOOS/WOMAC,Integer,Ordinal,,Recommended,"Left Knee Difficulty: Bending, Last 7 Days",0::4,0 = None; 1 = Mild; 2 = Moderate; 3 = Severe; 4 = Extreme; blank = Not expected/ Missing/ Refused/ Do not know/Unknown/Uncertain/ Do not do/ Missing form/incomplete workbook,
V00DILKN6,diff_lkn6,KOOS/WOMAC,Integer,Ordinal,,Recommended,"Left Knee Difficulty: Walking, Last 7 Days",0::4,0 = None; 1 = Mild; 2 = Moderate; 3 = Severe; 4 = Extreme; blank = Not expected/ Missing/ Refused/ Do not know/Unknown/Uncertain/ Do not do/ Missing form/incomplete workbook,
V00DILKN7,diff_lkn7,KOOS/WOMAC,Integer,Ordinal,,Recommended,"Left Knee Difficulty: In Car/Out Of Car, Last 7 Days",0::4,0 = None; 1 = Mild; 2 = Moderate; 3 = Severe; 4 = Extreme; blank = Not expected/ Missing/ Refused/ Do not know/Unknown/Uncertain/ Do not do/ Missing form/incomplete workbook,
V00DILKN8,diff_lkn8,KOOS/WOMAC,Integer,Ordinal,,Recommended,"Left Knee Difficulty: Shopping, Last 7 Days",0::4,0 = None; 1 = Mild; 2 = Moderate; 3 = Severe; 4 = Extreme; blank = Not expected/ Missing/ Refused/ Do not know/Unknown/Uncertain/ Do not do/ Missing form/incomplete workbook,
V00DILKN9,diff_lkn9,KOOS/WOMAC,Integer,Ordinal,,Recommended,"Left Knee Difficulty: Socks On, Last 7 Days",0::4,0 = None; 1 = Mild; 2 = Moderate; 3 = Severe; 4 = Extreme; blank = Not expected/ Missing/ Refused/ Do not know/Unknown/Uncertain/ Do not do/ Missing form/incomplete workbook,
V00DILKN10,diff_lkn10,KOOS/WOMAC,Integer,Ordinal,,Recommended,"Left Knee Difficulty: Get Out Of Bed, Last 7 Days",0::4,0 = None; 1 = Mild; 2 = Moderate; 3 = Severe; 4 = Extreme; blank = Not expected/ Missing/ Refused/ Do not know/Unknown/Uncertain/ Do not do/ Missing form/incomplete workbook,
V00DILKN11,diff_lkn11,KOOS/WOMAC,Integer,Ordinal,,Recommended,"Left Knee Difficulty: Socks Off, Last 7 Days",0::4,0 = None; 1 = Mild; 2 = Moderate; 3 = Severe; 4 = Extreme; blank = Not expected/ Missing/ Refused/ Do not know/Unknown/Uncertain/ Do not do/ Missing form/incomplete workbook,
V00DILKN12,diff_lkn12,KOOS/WOMAC,Integer,Ordinal,,Recommended,"Left Knee Difficulty: Lying Down, Last 7 Days",0::4,0 = None; 1 = Mild; 2 = Moderate; 3 = Severe; 4 = Extreme; blank = Not expected/ Missing/ Refused/ Do not know/Unknown/Uncertain/ Do not do/ Missing form/incomplete workbook,
V00DILKN13,diff_lkn13,KOOS/WOMAC,Integer,Ordinal,,Recommended,"Left Knee Difficulty: Get In/Out Of Bathtub, Last 7 Days",0::4,0 = None; 1 = Mild; 2 = Moderate; 3 = Severe; 4 = Extreme; blank = Not expected/ Missing/ Refused/ Do not know/Unknown/Uncertain/ Do not do/ Missing form/incomplete workbook,
V00DILKN14,diff_lkn14,KOOS/WOMAC,Integer,Ordinal,,Recommended,"Left Knee Difficulty: Sitting, Last 7 Days",0::4,0 = None; 1 = Mild; 2 = Moderate; 3 = Severe; 4 = Extreme; blank = Not expected/ Missing/ Refused/ Do not know/Unknown/Uncertain/ Do not do/ Missing form/incomplete workbook,
V00DILKN15,diff_lkn15,KOOS/WOMAC,Integer,Ordinal,,Recommended,"Left Knee Difficulty: On/Off Toilet, Last 7 Days",0::4,0 = None; 1 = Mild; 2 = Moderate; 3 = Severe; 4 = Extreme; blank = Not expected/ Missing/ Refused/ Do not know/Unknown/Uncertain/ Do not do/ Missing form/incomplete workbook,
V00DILKN16,diff_lkn16,KOOS/WOMAC,Integer,Ordinal,,Recommended,"Left Knee Difficulty: Heavy Chores, Last 7 Days",0::4,0 = None; 1 = Mild; 2 = Moderate; 3 = Severe; 4 = Extreme; blank = Not expected/ Missing/ Refused/ Do not know/Unknown/Uncertain/ Do not do/ Missing form/incomplete workbook,
V00DILKN17,diff_lkn17,KOOS/WOMAC,Integer,Ordinal,,Recommended,"Left Knee Difficulty: Light Chores, Last 7 Days",0::4,0 = None; 1 = Mild; 2 = Moderate; 3 = Severe; 4 = Extreme; blank = Not expected/ Missing/ Refused/ Do not know/Unknown/Uncertain/ Do not do/ Missing form/incomplete workbook,
V00KOOSFX1,diff_kn1,KOOS/WOMAC,Integer,Ordinal,,Recommended,"Either knee difficulty: squatting, last 7 days",0::4,0=None; 1=Mild; 2=Moderate; 3=Severe; 4=Extreme,
V00KOOSFX2,diff_kn2,KOOS/WOMAC,Integer,Ordinal,,Recommended,"Either knee difficulty: running, last 7 days",0::4,0=None; 1=Mild; 2=Moderate; 3=Severe; 4=Extreme,
V00KOOSFX3,diff_kn3,KOOS/WOMAC,Integer,Ordinal,,Recommended,"Either knee difficulty: jumping, last 7 days",0::4,0=None; 1=Mild; 2=Moderate; 3=Severe; 4=Extreme,
V00KOOSFX4,diff_kn4,KOOS/WOMAC,Integer,Ordinal,,Recommended,"Either knee difficulty: twisting/pivoting on injured knee, last 7 days",0::4,0=None; 1=Mild; 2=Moderate; 3=Severe; 4=Extreme,
V00KOOSFX5,diff_kn5,KOOS/WOMAC,Integer,Ordinal,,Recommended,"Either knee difficulty+E105: kneeling, last 7 days",0::4,0=None; 1=Mild; 2=Moderate; 3=Severe; 4=Extreme,
V00KQOL1,qol_kn1,KOOS/WOMAC,Integer,Ordinal,,Recommended,Quality of life: how often aware of problems with knee(s),0::4,0=Never; 1=Monthly; 2=Weekly; 3=Daily; 4=Constantly,
V00KQOL2,qol_kn2,KOOS/WOMAC,Integer,Ordinal,,Recommended,Quality of life: modified lifestyle to avoid potentially damaging activities to knee(s),0::4,0=Not at all; 1=Mildly; 2=Moderately; 3=Severely; 4=Totally,
V00KQOL3,qol_kn3,KOOS/WOMAC,Integer,Ordinal,,Recommended,Quality of life: how much troubled with lack of confidence in knee(s),0::4,0=Not at all; 1=Mildly; 2=Moderately; 3=Severely; 4=Extremely,
V00KQOL4,qol_kn4,KOOS/WOMAC,Integer,Ordinal,,Recommended,"Quality of life: in general, how much difficulty have with knee(s)",0::4,0=None; 1=Mild; 2=Moderate; 3=Severe; 4=Extreme,
V00KGLRS,kglrs,Pain and Medication,Integer,Ordinal,,Recommended,"Considering all ways knee pain and arthritis affect you, how are you doing today?",0::10,0=Very poor; 10=Very good,
P02KPNRCV,kpnrcv,Pain and Medication,Integer,Binary,,Recommended,"Right knee pain, aching or stiffness: more than half the days of a month, past 12 months (calc, used for study eligibility)",0;1,0=No; 1=Yes,
P02KPNLCV,kpnlcv,Pain and Medication,Integer,Binary,,Recommended,"Left knee pain, aching or stiffness: more than half the days of a month, past 12 months (calc, used for study eligibility)",0;1,0=No; 1=Yes,
P01KPR30CV,kpr30cv,Pain and Medication,Integer,Binary,,Recommended,"Right knee pain, aching or stiffness: more than half the days, past 30 days",0;1,0=No; 1=Yes,
P01KPL30CV,kpl30cv,Pain and Medication,Integer,Binary,,Recommended,"Left knee pain, aching or stiffness: more than half the days, past 30 days",0;1,0=No; 1=Yes,
P01KPACTCV,kpactcv,Pain and Medication,Integer,Nominal,,Recommended,"Either knee, limits or avoids activities due to pain, aching or stiffness, past 30 days",0::2,0= No Limits or avoidance; 1= Avoids; 2= Limits,
P01HPR12CV,hpr12cv,Pain and Medication,Integer,Binary,,Recommended,"Right hip pain, aching or stiffness: more than half the days of a month, past 12 months",0;1,0=No; 1=Yes,
P01HPL12CV,hpl12cv,Pain and Medication,Integer,Binary,,Recommended,"Left hip pain, aching or stiffness: more than half the days of a month, past 12 months",0;1,0=No; 1=Yes,
P01BPTOT,bptot,Pain and Medication,Integer,Count,,Recommended,"Total days in bed and/or limited activity due to back pain, past 30 days",,,
V00HSPSS,physical,Medical Outcomes,Float,Continuous,,Recommended,SF-12: Physical Health Summary: High score indicates good physical functioning.,0::100,Physical component summary (PCS) scale for the MOS 12-item short-form health survey (SF-12) v2 (calc).  High score indicates good physical functioning.,
V00HSMSS,mental,Medical Outcomes,Float,Continuous,,Recommended,SF-12: Mental Health Summary: High score indicates good emotional functioning.,0::100,Mental component summary scale (MCS)for the MOS 12-item short-form health survey (SF-12) v2 (calc).  High score indicates good emotional functioning.,
V00WOMKPR,womac_pain_right,KOOS/WOMAC,Float,Continuous,,Recommended,Right Knee: Womac Pain Score (Calc),0::20,"Higher scores on the WOMAC indicate worse pain, stiffness, and functional limitations.",
V00KOOSKPR,koos_rkpain,KOOS/WOMAC,Float,Continuous,,Recommended,Right knee: KOOS Pain Score,0::100,"Lower scores on the KOOS indicate worse pain, stiffness, and functional limitations.",
V00WOMSTFR,womac_stiffness_right,KOOS/WOMAC,Integer,Ordinal,,Recommended,Right Knee: Womac Stiffness Score (Calc),0::8,"Higher scores on the WOMAC indicate worse pain, stiffness, and functional limitations.",
V00KOOSYMR,koos_rksymptoms,KOOS/WOMAC,Float,Continuous,,Recommended,Right knee: KOOS Symptoms Score,0::100,"Lower scores on the KOOS indicate worse pain, stiffness, and functional limitations.",
V00WOMADLR,womac_disability_right,KOOS/WOMAC,Float,Continuous,,Recommended,Right Knee: Womac Disability Score (Calc),0::68,"Higher scores on the WOMAC indicate worse pain, stiffness, and functional limitations.",
V00WOMKPL,womac_pain_left,KOOS/WOMAC,Float,Continuous,,Recommended,Left Knee: Womac Pain Score (Calc),0::20,"Higher scores on the WOMAC indicate worse pain, stiffness, and functional limitations.",
V00KOOSKPL,koos_lkpain,KOOS/WOMAC,Float,Continuous,,Recommended,Left knee: KOOS Pain Score,0::100,"Lower scores on the KOOS indicate worse pain, stiffness, and functional limitations.",
V00WOMSTFL,womac_stiffness_left,KOOS/WOMAC,Integer,Ordinal,,Recommended,Left Knee: Womac Stiffness Score (Calc),0::8,"Higher scores on the WOMAC indicate worse pain, stiffness, and functional limitations.",
V00KOOSYML,koos_lksymptoms,KOOS/WOMAC,Float,Continuous,,Recommended,Left knee: KOOS Symptoms Score,0::100,"Lower scores on the KOOS indicate worse pain, stiffness, and functional limitations.",
V00WOMADLL,womac_disability_left,KOOS/WOMAC,Float,Continuous,,Recommended,Left Knee: Womac Disability Score (Calc),0::68,"Higher scores on the WOMAC indicate worse pain, stiffness, and functional limitations.",
V00KOOSFSR,koos_sports,KOOS/WOMAC,Float,Continuous,,Recommended,"KOOS Function, Sports, and Recreational Activities Score",0::100,"Lower scores on the KOOS indicate worse pain, stiffness, and functional limitations.",
V00KOOSQOL,koos_qol,KOOS/WOMAC,Float,Continuous,,Recommended,KOOS Quality of Life Score,0::100,"Lower scores on the KOOS indicate worse pain, stiffness, and functional limitations.",
P01SXKOA,sxkoa,Medical History,Integer,Nominal,,Recommended,"Baseline symptomatic knee OA status by person (calc, used for study elig (>0) and in OAI definition of cohort status)",0::3,"0=Neither, 1=Right knee only; 2=Left knee only; 3=Both knees",
P01KPR12CV,kpr12cv,Pain and Medication,Integer,Binary,,Recommended,"Right knee pain, aching or stiffness: more than half the days of a month, past 12 months",0;1,0=No; 1=Yes,
P01KPL12CV,kpl12cv,Pain and Medication,Integer,Binary,,Recommended,"Left knee pain, aching or stiffness: more than half the days of a month, past 12 months",0;1,0=No; 1=Yes,
P01KPA30CV,kpa30cv,Pain and Medication,Integer,Binary,,Recommended,"Either knee, avoid/reduce pain, aching or stiffness by changing or cutting back on normal activities, past 30 days",0;1,0=No; 1=Yes,
V00P7RKRCV,p7rkrcv,Pain and Medication,Integer,Ordinal,,Recommended,"Right knee pain: severity, past 7 days, rated on scale of 0-10 (calc)",0::10,0=no pain; 10=pain as abad as you can imagine,
V00P7LKRCV,pmlkrcv,Pain and Medication,Integer,Ordinal,,Recommended,"Left knee pain: severity, past 30 days(calc)",0::10,0=No pain; 10=Pain as bad as you can imagine,
P01PMRKRCV,pmrkrcv,Pain and Medication,Integer,Ordinal,,Recommended,"Right knee pain: severity, past 30 days(calc)",0::10,0=No pain; 10=Pain as bad as you can imagine,
P01PMLKRCV,pmlkrcv,Pain and Medication,Integer,Ordinal,,Recommended,"Left knee pain: severity, past 30 days(calc)",0::10,0=No pain; 10=Pain as bad as you can imagine,
P01TJE30CV,tmje30cv,Pain and Medication,Integer,Binary,,Recommended,"TMJ: jaw joint or in front of ear, experienced pain or aching, past 30 days",0;1,0=No; 1=Yes,
P01TJF30CV,tmjf30d,Pain and Medication,Integer,Count,,Recommended,"TMJ: across face or cheek, how many days had pain or aching, past 30 days",,,
P01TJE30WC,tmje30wc,Pain and Medication,Integer,Ordinal,,Recommended,"TMJ: jaw joint or in front of ear, how often worried or concerned about pain or aching, past 30 days",0::4,0= Never; 1= Seldom; 2= Sometimes; 3= Often; 4= Always,tje30wc
P01TJF30WC,tmj30wc,Pain and Medication,Integer,Ordinal,,Recommended,"TMJ: across face or cheek, how often worried or concerned about pain or aching, past 30 days",0::4,0= Never; 1= Seldom; 2= Sometimes; 3= Often; 4= Always,tjf30wc
V00WOMTSL,womac_total_left,KOOS/WOMAC,Float,Continuous,,Recommended,Left Knee: Womac Total Score (Calc),0::96,"Higher scores on the WOMAC indicate worse pain, stiffness, and functional limitations.",
V00WOMTSR,womac_total_right,KOOS/WOMAC,Float,Continuous,,Recommended,Right Knee: Womac Total Score (Calc),0::96,"Higher scores on the WOMAC indicate worse pain, stiffness, and functional limitations.",
P01RKSX,rksx,Medical History,Integer,Ordinal,,Recommended,BL knee symptom status Right,0::2,"0=No pain in past 12 months; 1= pain in past 12 months, not most days of month; 2=Pain most day of month in past 12 months",
P01LKSX,lksx,Medical History,Integer,Ordinal,,Recommended,BL knee symptom status Left,0::2,"0=No pain in past 12 months; 1= pain in past 12 months, not most days of month; 2=Pain most day of month in past 12 months",
P01LSXKOA,lsxkoa,Medical History,Integer,Binary,,Recommended,Left knee baseline symptomatic OA status,0;1,0=No; 1=Yes,
P01RSXKOA,rsxkoa,Medical History,Integer,Binary,,Recommended,Right knee baseline symptomatic OA status,0;1,0=No; 1=Yes,
P01BPDAYCV,bpdaycv,Pain and Medication,Integer,Count,,Recommended,"How many days limit activities due to back pain, past 30 days",,,
P01BPBEDCV,bpbedcv,Pain and Medication,Integer,Count,,Recommended,"How many days stay in bed due to back pain, past 30 days",,,
P01BPACTCV,bpactcv,Pain and Medication,Integer,Binary,,Recommended,"Limit activities due to back pain, past 30 days",0;1,0=No; 1=Yes,
P01KSX,ksx,Pain and Medication,Integer,Ordinal,,Recommended,Frequent knee pain status by person,0::5,"0= No pain either knee; 1= Infrequent pain 1 knee, no pain other knee; 2= Infrequent pain both knees; 3= Frequent pain 1 knee, no pain other knee; 4= Frequent pain 1 knee, infrequent pain other knee; 5= Frequent pain both knees",
P01BL12SXL,bl12sxl,Pain and Medication,Integer,Nominal,,Recommended,"Left knee baseline frequent knee pain status (IEI, SV, both, or neither)",1::4,1=IEI only; 2=SV only; 3=Both; 4=Neither,
P01BL12SXR,bl12sxr,Pain and Medication,Integer,Nominal,,Recommended,"Right knee baseline frequent knee pain status (IEI, SV, both, or neither)",1::4,1=IEI only; 2=SV only; 3=Both; 4=Neither,
P01KPACDCV,kpacdcv,Pain and Medication,Integer,Count,,Recommended,"Either knee, how many days limit activities due to pain, aching or stiffness, past 30 days",,,
P01LKP30CV,lkp30cv,Pain and Medication,Integer,Binary,,Recommended,"Left knee pain, aching or stiffness: any, past 30 days",0;1,0=No; 1=Yes,
P01RKP30CV,rkp30cv,Pain and Medication,Integer,Binary,,Recommended,"Right knee pain, aching or stiffness: any, past 30 days",0;1,0=No; 1=Yes,
P02KPMED,kpmed,Pain and Medication,Integer,Binary,,Recommended,"Either knee, used medication for pain, aching or stiffness, past 12 months",0;1,0=No; 1=Yes,
P02KINJ,kinj,Medical History,Integer,Binary,,Recommended,"Eligibility Interview: Either knee, ever injured so badly difficult to walk for at least one week (used for study eligibility)",0;1,0=No; 1=Yes,
P02KSURG,ksurg,Medical History,Integer,Binary,,Recommended,"Either knee, history of knee surgery (incl. arthroscopy, ligament repair, meniscectomy; used for study elig.)",0;1,0=No; 1=Yes,
P02CNCR3,cncr3,Medical History,Integer,Binary,,Recommended,"Eligibility Interview: Treated for cancer or been told by doctor that you had cancer or malignant tumor, past 3 years",0;1,0=No; 1=Yes,
P02CNC3,cnc3,Medical History,Integer,Binary,,Recommended,"Cancer type: breast, self-reported",0;1,0=No; 1=Yes,
P02CNC4,cnc4,Medical History,Integer,Binary,,Recommended,"Cancer type: cervical, self-reported",0;1,0=No; 1=Yes,
P02CNC13,cnc13,Medical History,Integer,Binary,,Recommended,"Cancer type: prostate, self-reported",0;1,0=No; 1=Yes,
P02CNC14,cnc14,Medical History,Integer,Binary,,Recommended,"Cancer type: rectal, self-reported",0;1,0=No; 1=Yes,
P02CNC15,cnc15,Medical History,Integer,Binary,,Recommended,"Cancer type: skin, self-reported",0;1,0=No; 1=Yes,
P02CNMEL,cnmel,Medical History,Integer,Binary,,Recommended,"Eligibility Interview: Cancer type: nonmelanoma skin cancer, self-reported",0;1,0=No; 1=Yes,
P02CSY,csy,Medical History,Integer,Binary,,Recommended,Cancer removed by surgery: yes or watchful waiting for prostate cancer,0;1,0=No; 1=Yes,
P02CMN,cmn,Medical History,Integer,Binary,,Recommended,Eligibility Interview: Doctor said cancer spread to other parts of body: no,0;1,0=No; 1=Yes,
P02CMDK,cmdk,Medical History,Integer,Binary,,Recommended,Eligibility Interview: Doctor said cancer spread to other parts of body: don't know,0;1,0=No; 1=Yes,
P01RAIA,raia,Medical History,Integer,Binary,,Recommended,Doctor ever said you have rheumatoid arthritis or other inflammatory arthritis,0;1,0=No; 1=Yes,
P01RAJS1HR,rajs1hr,Medical History,Integer,Binary,,Recommended,RA symptoms: ever had joint stiffness in any joints lasting at least one hour in the morning,0;1,0=No; 1=Yes,
P01RAFT6R,raft6r,Medical History,Integer,Binary,,Recommended,"RA symptoms: right fingers or thumb swelling, ever had lasting more than 6 weeks",0;1,0=No; 1=Yes,
P01RAFT6L,raft6l,Medical History,Integer,Binary,,Recommended,"RA symptoms: left fingers or thumb swelling, ever had lasting more than 6 weeks",0;1,0=No; 1=Yes,
P01RAKN6R,rakn6r,Medical History,Integer,Binary,,Recommended,"RA symptoms: right knee swelling, ever had lasting more than 6 weeks",0;1,0=No; 1=Yes,
P01RAKN6L,rakn6l,Medical History,Integer,Binary,,Recommended,"RA symptoms: left knee swelling, ever had lasting more than 6 weeks",0;1,0=No; 1=Yes,
P01RA3YES,ra3yes,Medical History,Integer,Binary,,Recommended,"RA symptoms: 3 or more Yes responses to questions #2a, #3, and #4a - d",0;1,0=No; 1=Yes,
P01RA1YES,ra1yes,Medical History,Integer,Binary,,Recommended,RA symptoms: at least one Yes response for any wrist or finger in question #4a - b,0;1,0=No; 1=Yes,
P01RARLYES,rarlyes,Medical History,Integer,Binary,,Recommended,"RA symptoms: both right and left marked Yes for wrist, fingers, elbow or knee in question #4a - d",0;1,0=No; 1=Yes,
P01RATEST,ratest,Medical History,Integer,Binary,,Recommended,RA Symptoms: ever had blood test for rheumatoid arthritis,0;1,0=No; 1=Yes,
P01RATOT3,ratot3,Medical History,Integer,Binary,,Recommended,RA symptoms: total score more than 3,0;1,0=No; 1=Yes,
P01ARTHOTH,arthoth,Medical History,Integer,Binary,,Recommended,Doctor ever said you have some other type of arthritis,0;1,0=No; 1=Yes,
P01ARTDOC,artdoc,Medical History,Integer,Binary,,Recommended,Currently seeing doctor or other health care professional for arthritis,0;1,0=No; 1=Yes,
P01KPMED,kpmed,Pain and Medication,Integer,Binary,,Recommended,"Either knee, used medication for pain, aching or stiffness, past 12 months",0;1,0=No; 1=Yes,
P01INJR,injr,Medical History,Integer,Binary,,Recommended,"Right knee, ever injured badly enough to limit ability to walk for at least two days",0;1,0=No; 1=Yes,
P01INJR1,injr1,Medical History,Integer,Continuous,,Recommended,"Right knee, how old at first injury",,,
P01INJR2,injr2,Medical History,Integer,Continuous,,Recommended,"Right knee, how old at second injury",,,
P01INJR3,injr3,Medical History,Integer,Continuous,,Recommended,"Right knee, how old at third injury",,,
P01KSURGR,ksurgr,Medical History,Integer,Binary,,Recommended,"Right knee, ever have surgery or arthroscopy",0;1,0=No; 1=Yes,
P01KRSR,krsr,Medical History,Integer,Binary,,Recommended,"Right knee, ever have replacement surgery where all or part of joint was replaced",0;1,0=No; 1=Yes,
P01KRSRA,krsra,Medical History,Integer,Continuous,,Recommended,"Right knee, how old when first had replaced",,,
P01ARTR,artr,Medical History,Integer,Binary,,Recommended,"Right knee, ever have arthroscopy (where they put a scope in knee)",0;1,0=No; 1=Yes,
P01ARTR1,artr1,Medical History,Integer,Continuous,,Recommended,"Right knee, how old at first arthroscopy",,,
P01ARTR2,artr2,Medical History,Integer,Continuous,,Recommended,"Right knee, how old at second arthroscopy",,,
P01ARTR3,artr3,Medical History,Integer,Continuous,,Recommended,"Right knee, how old at third arthroscopy",,,
P01ARTRINJ,artrinj,Medical History,Integer,Binary,,Recommended,"Right knee, was at least one arthroscopy to repair injury",0;1,0=No; 1=Yes,
P01MENR,menr,Medical History,Integer,Binary,,Recommended,"Right knee, ever have meniscectomy (where they repaired or cut away torn meniscus or cartilage)",0;1,0=No; 1=Yes,
P01MENR1,menr1,Medical History,Integer,Continuous,,Recommended,"Right knee, how old at first meniscectomy",,,
P01MENR2,menr2,Medical History,Integer,Continuous,,Recommended,"Right knee, how old at second meniscectomy",,,
P01MENR3,menr3,Medical History,Integer,Continuous,,Recommended,"Right knee, how old at third meniscectomy",,,
P01MENRINJ,menrinj,Medical History,Integer,Binary,,Recommended,"Right knee, was at least one meniscectomy to repair an injury",0;1,0=No; 1=Yes,
P01LRR,lrr,Medical History,Integer,Binary,,Recommended,"Right knee, ever have ligament repair surgery",0;1,0=No; 1=Yes,
P01LRR1,lrr1,Medical History,Integer,Continuous,,Recommended,"Right knee, how old at first ligament repair surgery",,,
P01LRR2,lrr2,Medical History,Integer,Continuous,,Recommended,"Right knee, how old at second ligament repair surgery",,,
P01LRR3,lrr3,Medical History,Integer,Continuous,,Recommended,"Right knee, how old at third ligament repair surgery",,,
P01OTSURGR,otsurgr,Medical History,Integer,Binary,,Recommended,"Right knee, ever have any other kind of surgery",0;1,0=No; 1=Yes,
P01OTSR1,otsr1,Medical History,Integer,Continuous,,Recommended,"Right knee, how old at first other surgery",,,
P01OTSR2,otsr2,Medical History,Integer,Continuous,,Recommended,"Right knee, how old at second other surgery",,,
P01OTSR3,otsr3,Medical History,Integer,Continuous,,Recommended,"Right knee, how old at third other surgery",,,
P01OTSRINJ,otsrinj,Medical History,Integer,Binary,,Recommended,"Right knee, was at least one other surgery to repair an injury",0;1,0=No; 1=Yes,
P01INJL,injl,Medical History,Integer,Binary,,Recommended,"Left knee, ever injured badly enough to limit ability to walk for at least two days",0;1,0=No; 1=Yes,
P01INJL1,injl1,Medical History,Integer,Continuous,,Recommended,"Left knee, how old at first injury",,,
P01INJL2,injl2,Medical History,Integer,Continuous,,Recommended,"Left knee, how old at second injury",,,
P01INJL3,injl3,Medical History,Integer,Continuous,,Recommended,"Left knee, how old at third injury",,,
P01KSURGL,ksurgl,Medical History,Integer,Binary,,Recommended,"Left knee, ever have surgery or arthroscopy",0;1,0=No; 1=Yes,
P01KRSL,krsl,Medical History,Integer,Binary,,Recommended,"Left knee, ever have replacement where all or part of joint was replaced",0;1,0=No; 1=Yes,
P01KRSLA,krsla,Medical History,Integer,Continuous,,Recommended,"Left knee, how old when first had replaced",,,
P01ARTL,artl,Medical History,Integer,Binary,,Recommended,"Left knee, ever have arthroscopy (where they put a scope in knee)",0;1,0=No; 1=Yes,
P01ARTL1,artl1,Medical History,Integer,Continuous,,Recommended,"Left knee, how old at first arthroscopy",,,
P01ARTL2,artl2,Medical History,Integer,Continuous,,Recommended,"Left knee, how old at second arthroscopy",,,
P01ARTL3,artl3,Medical History,Integer,Continuous,,Recommended,"Left knee, how old at third arthroscopy",,,
P01ARTLINJ,artlinj,Medical History,Integer,Binary,,Recommended,"Left knee, was at least one arthroscopy to repair injury",0;1,0=No; 1=Yes,
P01MENL,menl,Medical History,Integer,Binary,,Recommended,"Left knee, ever have meniscectomy (where they repaired or cut away torn meniscus or cartilage)",0;1,0=No; 1=Yes,
P01MENL1,menl1,Medical History,Integer,Continuous,,Recommended,"Left knee, how old at first meniscectomy",,,
P01MENL2,menl2,Medical History,Integer,Continuous,,Recommended,"Left knee, how old at second meniscectomy",,,
P01MENL3,menl3,Medical History,Integer,Continuous,,Recommended,"Left knee, how old at third meniscectomy",,,
P01MENLINJ,menlinj,Medical History,Integer,Binary,,Recommended,"Left knee, was at least one meniscectomy to repair an injury",0;1,0=No; 1=Yes,
P01LRL,lrl,Medical History,Integer,Binary,,Recommended,"Left knee, ever have ligament repair surgery",0;1,0=No; 1=Yes,
P01LRL1,lrl1,Medical History,Integer,Continuous,,Recommended,"Left knee, how old at first ligament repair surgery",,,
P01LRL2,lrl2,Medical History,Integer,Continuous,,Recommended,"Left knee, how old at second ligament repair surgery",,,
P01LRL3,lrl3,Medical History,Integer,Continuous,,Recommended,"Left knee, how old at third ligament repair surgery",,,
P01OTSURGL,otsurgl,Medical History,Integer,Binary,,Recommended,"Left knee, ever have any other kind of surgery",0;1,0=No; 1=Yes,
P01OTSL1,otsl1,Medical History,Integer,Continuous,,Recommended,"Left knee, how old at first other surgery",,,
P01OTSL2,otsl2,Medical History,Integer,Continuous,,Recommended,"Left knee, how old at second other surgery",,,
P01OTSL3,otsl3,Medical History,Integer,Continuous,,Recommended,"Left knee, how old at third other surgery",,,
P01OTSLINJ,otslinj,Medical History,Integer,Binary,,Recommended,"Left knee, was at least one other surgery to repair an injury",0;1,0=No; 1=Yes,
P01HRS,hrs,Medical History,Integer,Binary,,Recommended,Ever had hip replacement surgery where all or part of joint was replaced,0;1,0=No; 1=Yes,
P01HRSR,hrsr,Medical History,Integer,Binary,,Recommended,"Right hip, ever had replaced",0;1,0=No; 1=Yes,
P01HRSROA,hrsroa,Medical History,Integer,Binary,,Recommended,"Right hip replacement reason, osteoarthritis or degenerative arthritis",0;1,0=No; 1=Yes,hrroa12
P01HRSRDK,hrsrdk,Medical History,Integer,Binary,,Recommended,"Right hip replacement reason, don't know",0;1,0=No; 1=Yes,hrrdk12
P01HRSL,hrsl,Medical History,Integer,Binary,,Recommended,"Left hip, ever had replaced",0;1,0=No; 1=Yes,
P01HRSLOA,hrsloa,Medical History,Integer,Binary,,Recommended,"Left hip replacement reason, osteoarthritis or degenerative arthritis",0;1,0=No; 1=Yes,hrloa12
P01HRSLDK,hrsldk,Medical History,Integer,Binary,,Recommended,"Left hip replacement reason, don't know",0;1,0=No; 1=Yes,hrldk12
P01PREGEV,pregev,Medical History,Integer,Binary,,Recommended,Have you ever been pregnant,0;1;-999,0=No; 1=Yes; -999= N/A or missing data,
P01OVREM,ovrem,Medical History,Integer,Binary,,Recommended,Ever had ovary removed,0;1,0=No; 1=Yes,
P01OV1AGE,ov1age,Medical History,Integer,Continuous,,Recommended,How old when ovary/ovaries removed (first surgery),,,
P01OV2AGE,ov2age,Medical History,Integer,Continuous,,Recommended,How old when ovary removed (second surgery),,,
P01HYS,hys,Medical History,Integer,Binary,,Recommended,Ever had a hysterectomy (surgery to remove uterus or womb),0;1,0=No; 1=Yes,
P01HYSAGE,hysage,Medical History,Integer,Continuous,,Recommended,How old when had hysterectomy,,,
P01MENSTR,menstr,Medical History,Integer,Ordinal,,Recommended,When was your last natural menstrual period,1::4,1= Within the past 12 months; 2= 1 to 2 years ago; 3= 3 to 4 years ago; 4= 5 or more years ago,
V00HRTAT,hrtat,Comorbidity,Integer,Binary,,Recommended,Charlson Comorbidity: ever had heart attack,0;1,0=No; 1=Yes,
V00HRTFAIL,hrtfail,Comorbidity,Integer,Binary,,Recommended,Charlson Comorbidity: ever treated for heart failure,0;1,0=No; 1=Yes,
V00BYPLEG,bypleg,Comorbidity,Integer,Binary,,Recommended,Charlson Comorbidity: had operation to unclog or bypass arteries in legs,0;1,0=No; 1=Yes,
V00STROKE,stroke,Comorbidity,Integer,Binary,,Recommended,"Charlson Comorbidity: had stroke, cerebrovascular accident, blood clot or bleeding in brain, or transient ischemic attack (TIA)",0;1,"0=No, 1=Yes",
V00ASTHMA,asthma,Comorbidity,Integer,Binary,,Recommended,Charlson Comorbidity: have asthma,0;1,0=No; 1=Yes,
V00ASTMEDS,astmeds,Comorbidity,Integer,Binary,,Recommended,Charlson Comorbidity: take medicines for asthma,0;1,0=No; 1=Yes,
V00AMWHEN,amwhen,Comorbidity,Integer,Binary,,Recommended,Charlson Comorbidity: when usually take medicine for asthma,1;2,1=only with flare-ups; 2=Regularly,
V00LUNG,lung,Comorbidity,Integer,Binary,,Recommended,"Charlson Comorbidity: have emphysema, chronic bronchitis, or chronic obstructive lung disease (also called COPD)",0;1,0=No; 1=Yes,
V00LGMEDS,lgmeds,Comorbidity,Integer,Binary,,Recommended,Charlson Comorbidity: take medicines for lung disease,0;1,0=No; 1=Yes,
V00LMWHEN,lmwhen,Comorbidity,Integer,Binary,,Recommended,Charlson Comorbidity: when usually take medicine for lung disease,1;2,1=only with flare-ups; 2=Regularly,
V00ULCER,ulcer,Comorbidity,Integer,Binary,,Recommended,Charlson Comorbidity: have stomach ulcers or peptic ulcer disease,0;1,0=No; 1=Yes,
V00ULCERDX,ulcerdx,Comorbidity,Integer,Binary,,Recommended,"Charlson Comorbidity: stomach ulcers or peptic ulcer disease diagnosed by endoscopy, upper GI or barium swallow study",0;1,0=No; 1=Yes,
V00DIAB,diab,Comorbidity,Integer,Binary,,Recommended,Charlson Comorbidity: have diabetes (high blood sugar),0;1,0=No; 1=Yes,
V00DIABTX1,diabtx1,Comorbidity,Integer,Binary,,Recommended,Charlson Comorbidity: diabetes treated by modifying diet,0;1,0= No; 1= Yes,
V00DIABTX2,diabtx2,Comorbidity,Integer,Binary,,Recommended,Charlson Comorbidity: diabetes treated with medications taken by mouth,0;1,0= No; 1= Yes,
V00DIABTX3,diabtx3,Comorbidity,Integer,Binary,,Recommended,Charlson Comorbidity: diabetes treated with insulin injections,0;1,0= No; 1= Yes,
V00DIABTX4,diabtx4,Comorbidity,Integer,Binary,,Recommended,Charlson Comorbidity: diabetes not treated/watchful waiting,0;1,0= No; 1= Yes,
V00DIABPR1,diabpr1,Comorbidity,Integer,Constant,,Recommended,Charlson Comorbidity: diabetes caused problems with kidneys,1,1=Yes,
V00DIABPR2,diabpr2,Comorbidity,Integer,Constant,,Recommended,"Charlson Comorbidity: diabetes caused problems with eyes, treated by ophthalmologist",1,1=Yes,
V00DIABPR3,diabpr3,Comorbidity,Integer,Constant,,Recommended,Charlson Comorbidity: diabetes has not caused problems,1,1=Yes,
V00KIDFXN,kidfxn,Comorbidity,Integer,Binary,,Recommended,"Charlson Comorbidity: ever had problem with kidneys, poor kidney function (blood tests showed high creatinine)",0;1,0=No; 1=Yes,
V00KIDTRAN,kidtran,Comorbidity,Integer,Binary,,Recommended,"Charlson Comorbidity: ever had problem with kidneys, received kidney transplant",0;1,0=No; 1=Yes,
V00RA,ra,Comorbidity,Integer,Binary,,Recommended,Charlson Comorbidity: have rheumatoid arthritis,0;1,0=No; 1=Yes,
V00RAMEDS,rameds,Comorbidity,Integer,Binary,,Recommended,Charlson Comorbidity: take medicines for rheumatoid arthritis regularly,0;1,0=No; 1=Yes,
V00POLYRH,polyrh,Comorbidity,Integer,Binary,,Recommended,Charlson Comorbidity: have polymyalgia rheumatica,0;1,0=No; 1=Yes,
V00LIVDAM,livdam,Comorbidity,Integer,Binary,,Recommended,Charlson Comorbidity: have cirrhosis or serious liver damage,0;1,0=No; 1=Yes,
V00CANCER,cc_cancer,Comorbidity,Integer,Binary,,Recommended,"Charlson Comorbidity: have cancer, other than skin cancer, leukemia or lymphoma",0;1,0=No; 1=Yes,
V00BONEFX,bonefx,Medical History,Integer,Binary,,Recommended,Doctor ever said you broke or fractured bone after age 45,0;1,0=No; 1=Yes,
V00HIPFX,hipfx,Medical History,Integer,Binary,,Recommended,Doctor ever said you broke or fractured hip,0;1,0=No; 1=Yes,
V00HIPFXAG,hipfxag,Medical History,Integer,Continuous,,Recommended,How old when doctor first said you broke or fractured hip,,,
V00SPNFX,spnfx,Medical History,Integer,Binary,,Recommended,Doctor ever said you fractured spine or vertebrae,0;1,0=No; 1=Yes,
V00SPNFXAG,spnfxag,Medical History,Integer,Continuous,,Recommended,How old when doctor first said you fractured spine or vertebrae,,,
V00FALL,fall,Medical History,Integer,Binary,,Recommended,"Fallen and landed on floor or ground, past 12 months",0;1,0=No; 1=Yes,
V00WMXAGE1,wmxage1,Medical History,Integer,Binary,,Recommended,Maximum weight: 18-25 years old,0;1,0=No; 1=Yes,
V00WMXAGE2,wmxage2,Medical History,Integer,Binary,,Recommended,Maximum weight: 26-29 years old,0;1,0=No; 1=Yes,
V00WMXAGE3,wmxage3,Medical History,Integer,Binary,,Recommended,Maximum weight: 30-39 years old,0;1,0=No; 1=Yes,
V00WMXAGE4,wmxage4,Medical History,Integer,Binary,,Recommended,Maximum weight: 40-49 years old,0;1,0=No; 1=Yes,
V00WMXAGE5,wmxage5,Medical History,Integer,Binary,,Recommended,Maximum weight: 50-59 years old,0;1,0=No; 1=Yes,
V00WMXAGE6,wmxage6,Medical History,Integer,Binary,,Recommended,Maximum weight: 60-69 years old,0;1,0=No; 1=Yes,
V00WMXAGE7,wmxage7,Medical History,Integer,Binary,,Recommended,Maximum weight: 70 years or older,0;1,0=No; 1=Yes,
V00WMNAGE1,wmnage1,Medical History,Integer,Binary,,Recommended,Minimum weight: 18-25 years old,0;1,0=No; 1=Yes,
V00WMNAGE2,wmnage2,Medical History,Integer,Binary,,Recommended,Minimum weight: 26-29 years old,0;1,0=No; 1=Yes,
V00WMNAGE3,wmnage3,Medical History,Integer,Binary,,Recommended,Minimum weight: 30-39 years old,0;1,0=No; 1=Yes,
V00WMNAGE4,wmnage4,Medical History,Integer,Binary,,Recommended,Minimum weight: 40-49 years old,0;1,0=No; 1=Yes,
V00WMNAGE5,wmnage5,Medical History,Integer,Binary,,Recommended,Minimum weight: 50-59 years old,0;1,0=No; 1=Yes,
V00WMNAGE6,wmnage6,Medical History,Integer,Binary,,Recommended,Minimum weight: 60-69 years old,0;1,0=No; 1=Yes,
V00WMNAGE7,wmnage7,Medical History,Integer,Binary,,Recommended,Minimum weight: 70 years or older,0;1,0=No; 1=Yes,
V00SMOKE,smoke,Medical History,Integer,Binary,,Recommended,Have you smoked at least 100 cigarettes (5 packs) in entire life,0;1,0=No; 1=Yes,
V00SMKAGE,smkage,Medical History,Integer,Continuous,,Recommended,How old when first started smoking cigarettes fairly regularly,,,
V00SMKNEV,smknev,Medical History,Integer,Binary,,Recommended,Never smoked cigarettes regularly,0;1,0=No; 1=Yes,
V00SMKAVE,smkave,Medical History,Integer,Count,,Recommended,"On average of entire time have smoked, how many cigarettes did usually smoke per day",,,
V00SMKNOW,smknow,Medical History,Integer,Binary,,Recommended,Smoke cigarettes now,0;1,0=No; 1= Yes,
V00SMKAMT,smkamt,Medical History,Integer,Count,,Recommended,About how many cigarettes smoke per day,,,
V00SMKSTOP,smkstop,Medical History,Integer,Continuous,,Recommended,How old when stopped smoking,,,
V00PIPE,pipe,Medical History,Integer,Binary,,Recommended,"Ever smoked pipe, cigars or cigarillos",0; 1; -5; -7; -8,"0=No; 1=Yes; -8=DON'T KNOW; -7=REFUSED; -5=Presented, not answered",
V00PIPEAGE,pipeage,Medical History,Integer,Continuous,,Recommended,"How old when first started smoking pipe, cigars or cigarillos fairly regularly",,,
V00PIPENEV,pipenev,Medical History,Integer,Binary,,Recommended,"Never smoked pipes, cigars or cigarillos regularly",0;1,0=No; 1=Yes,
V00PIPENOW,pipenow,Medical History,Integer,Binary,,Recommended,Smoke pipe or cigar now,0;1,0=No; 1=Yes,
V00PIPEAMT,pipeamt,Medical History,Integer,Count,,Recommended,"About how many pipes, cigars or cigarillos smoke per week",,,
V00PIPSTOP,pipstop,Medical History,Integer,Continuous,,Recommended,"How old when stopped smoking pipe, cigars or cigarillos",,,
V00DRNKAMT,drnkamt,Medical History,Integer,Ordinal,,Recommended,"How many alcoholic drinks in typical week, past 12 months",0::7,"0=None, 1= <1/week; 2=1-3 drinks/week; 3= 4-7 drinks/week; 4=8-14 drinks/week; 5=15-21 drinks/week; 6=22-27 drinks/week; 7= 28+ drinks/week",
V00DRKMORE,drnkmore,Medical History,Integer,Binary,,Recommended,"Ever drink more beer, wine or liquor than do now",0;1,0=No; 1=Yes,drkmore
V00CESD1,cesd1,Depression,Integer,Ordinal,,Recommended,I was bothered by things that usually don't bother me. (Past week),0::3,0 = Rarely/none of the time (<1 day); 1 = Some of the time (1-2 days); 2 = Much of the time (3-4 days); 3 = Most or all of the time (5-7 days); blank = Missing form/Incomplete workbook / Not expected / Missing / Refused / Do not know/unknown/Uncertain,
V00CESD2,cesd2,Depression,Integer,Ordinal,,Recommended,I did not feel like eating; my appetite was poor. (Past week),0::3,0 = Rarely/none of the time (<1 day); 1 = Some of the time (1-2 days); 2 = Much of the time (3-4 days); 3 = Most or all of the time (5-7 days); blank = Missing form/Incomplete workbook / Not expected / Missing / Refused / Do not know/unknown/Uncertain,
V00CESD3,cesd3,Depression,Integer,Ordinal,,Recommended,I felt that I could not shake off the blues even with help from my family or friends. (Past week),0::3,0 = Rarely/none of the time (<1 day); 1 = Some of the time (1-2 days); 2 = Much of the time (3-4 days); 3 = Most or all of the time (5-7 days); blank = Missing form/Incomplete workbook / Not expected / Missing / Refused / Do not know/unknown/Uncertain,
V00CESD4,cesd4,Depression,Integer,Ordinal,,Recommended,I felt I was just as good as other people. (Past week),0::3,0 = Rarely/none of the time (<1 day); 1 = Some of the time (1-2 days); 2 = Much of the time (3-4 days); 3 = Most or all of the time (5-7 days); blank = Missing form/Incomplete workbook / Not expected / Missing / Refused / Do not know/unknown/Uncertain,
V00CESD5,cesd5,Depression,Integer,Ordinal,,Recommended,I had trouble keeping my mind on what I was doing. (Past week),0::3,0 = Rarely/none of the time (<1 day); 1 = Some of the time (1-2 days); 2 = Much of the time (3-4 days); 3 = Most or all of the time (5-7 days); blank = Missing form/Incomplete workbook / Not expected / Missing / Refused / Do not know/unknown/Uncertain,
V00CESD6,cesd6,Depression,Integer,Ordinal,,Recommended,I felt depressed. (Past week),0::3,0 = Rarely/none of the time (<1 day); 1 = Some of the time (1-2 days); 2 = Much of the time (3-4 days); 3 = Most or all of the time (5-7 days); blank = Missing form/Incomplete workbook / Not expected / Missing / Refused / Do not know/unknown/Uncertain,
V00CESD7,cesd7,Depression,Integer,Ordinal,,Recommended,I felt that everything I did was an effort. (Past week),0::3,0 = Rarely/none of the time (<1 day); 1 = Some of the time (1-2 days); 2 = Much of the time (3-4 days); 3 = Most or all of the time (5-7 days); blank = Missing form/Incomplete workbook / Not expected / Missing / Refused / Do not know/unknown/Uncertain,
V00CESD8,cesd8,Depression,Integer,Ordinal,,Recommended,I felt hopeful about the future. (Past week),0::3,0 = Rarely/none of the time (<1 day); 1 = Some of the time (1-2 days); 2 = Much of the time (3-4 days); 3 = Most or all of the time (5-7 days); blank = Missing form/Incomplete workbook / Not expected / Missing / Refused / Do not know/unknown/Uncertain,
V00CESD9,cesd9,Depression,Integer,Ordinal,,Recommended,I thought my life had been a failure. (Past week),0::3,0 = Rarely/none of the time (<1 day); 1 = Some of the time (1-2 days); 2 = Much of the time (3-4 days); 3 = Most or all of the time (5-7 days); blank = Missing form/Incomplete workbook / Not expected / Missing / Refused / Do not know/unknown/Uncertain,
V00CESD10,cesd10,Depression,Integer,Ordinal,,Recommended,I felt fearful. (Past week),0::3,0 = Rarely/none of the time (<1 day); 1 = Some of the time (1-2 days); 2 = Much of the time (3-4 days); 3 = Most or all of the time (5-7 days); blank = Missing form/Incomplete workbook / Not expected / Missing / Refused / Do not know/unknown/Uncertain,
V00CESD11,cesd11,Depression,Integer,Ordinal,,Recommended,My sleep was restless. (Past week),0::3,0 = Rarely/none of the time (<1 day); 1 = Some of the time (1-2 days); 2 = Much of the time (3-4 days); 3 = Most or all of the time (5-7 days); blank = Missing form/Incomplete workbook / Not expected / Missing / Refused / Do not know/unknown/Uncertain,
V00CESD12,cesd12,Depression,Integer,Ordinal,,Recommended,I was happy. (Past week),0::3,0 = Rarely/none of the time (<1 day); 1 = Some of the time (1-2 days); 2 = Much of the time (3-4 days); 3 = Most or all of the time (5-7 days); blank = Missing form/Incomplete workbook / Not expected / Missing / Refused / Do not know/unknown/Uncertain,
V00CESD13,cesd13,Depression,Integer,Ordinal,,Recommended,I talked less than usual. (Past week),0::3,0 = Rarely/none of the time (<1 day); 1 = Some of the time (1-2 days); 2 = Much of the time (3-4 days); 3 = Most or all of the time (5-7 days); blank = Missing form/Incomplete workbook / Not expected / Missing / Refused / Do not know/unknown/Uncertain,
V00CESD14,cesd14,Depression,Integer,Ordinal,,Recommended,I felt lonely. (Past week),0::3,0 = Rarely/none of the time (<1 day); 1 = Some of the time (1-2 days); 2 = Much of the time (3-4 days); 3 = Most or all of the time (5-7 days); blank = Missing form/Incomplete workbook / Not expected / Missing / Refused / Do not know/unknown/Uncertain,
V00CESD15,cesd15,Depression,Integer,Ordinal,,Recommended,People were unfriendly. (Past week),0::3,0 = Rarely/none of the time (<1 day); 1 = Some of the time (1-2 days); 2 = Much of the time (3-4 days); 3 = Most or all of the time (5-7 days); blank = Missing form/Incomplete workbook / Not expected / Missing / Refused / Do not know/unknown/Uncertain,
V00CESD16,cesd16,Depression,Integer,Ordinal,,Recommended,I enjoyed life. (Past week),0::3,0 = Rarely/none of the time (<1 day); 1 = Some of the time (1-2 days); 2 = Much of the time (3-4 days); 3 = Most or all of the time (5-7 days); blank = Missing form/Incomplete workbook / Not expected / Missing / Refused / Do not know/unknown/Uncertain,
V00CESD17,cesd17,Depression,Integer,Ordinal,,Recommended,I had crying spells. (Past week),0::3,0 = Rarely/none of the time (<1 day); 1 = Some of the time (1-2 days); 2 = Much of the time (3-4 days); 3 = Most or all of the time (5-7 days); blank = Missing form/Incomplete workbook / Not expected / Missing / Refused / Do not know/unknown/Uncertain,
V00CESD18,cesd18,Depression,Integer,Ordinal,,Recommended,I felt sad. (Past week),0::3,0 = Rarely/none of the time (<1 day); 1 = Some of the time (1-2 days); 2 = Much of the time (3-4 days); 3 = Most or all of the time (5-7 days); blank = Missing form/Incomplete workbook / Not expected / Missing / Refused / Do not know/unknown/Uncertain,
V00CESD19,cesd19,Depression,Integer,Ordinal,,Recommended,I felt that people dislike me. (Past week),0::3,0 = Rarely/none of the time (<1 day); 1 = Some of the time (1-2 days); 2 = Much of the time (3-4 days); 3 = Most or all of the time (5-7 days); blank = Missing form/Incomplete workbook / Not expected / Missing / Refused / Do not know/unknown/Uncertain,
V00CESD20,cesd20,Depression,Integer,Ordinal,,Recommended,"I could not get ""going"". (Past week)",0::3,0 = Rarely/none of the time (<1 day); 1 = Some of the time (1-2 days); 2 = Much of the time (3-4 days); 3 = Most or all of the time (5-7 days); blank = Missing form/Incomplete workbook / Not expected / Missing / Refused / Do not know/unknown/Uncertain,
V00TYLEN,tylen,Pain and Medication,Integer,Binary,,Recommended,"Used Tylenol (Acetaminophen) for joint pain or arthritis more than half the days of the month, past 30 days",0;1,0=No; 1=Yes,
V00NSAIDS,nsaids,Pain and Medication,Integer,Binary,,Recommended,"Used nonprescription NSAIDS (e.g., Aspirin, Ibuprofen) for joint pain or arthritis more than half the days of the month, past 30 days",0;1,0=No; 1=Yes,
V00NSAIDRX,nsaidrx,Pain and Medication,Integer,Binary,,Recommended,"Used prescription NSAIDS (e.g., Ibuprofen, Diclofenac) for joint pain or arthritis more than half the days of the month, past 30 days",0;1,0=No; 1=Yes,
V00COXIBS,coxibs,Pain and Medication,Integer,Binary,,Recommended,"Used COXIBS (e.g., Bextra, Celebrex...) for joint pain or arthritis more than half the days of the month, past 30 days",0;1,0=No; 1=Yes,
V00NARCOT,narcotics,Pain and Medication,Integer,Binary,,Recommended,"Used strong prescription pain medications (e.g., narcotics) for joint pain or arthritis more than half the days of the month, past 30 days",0;1,0=No; 1=Yes,narcot
V00SAME,same,Pain and Medication,Integer,Binary,,Recommended,"Used SAMe (S-adenosylmethionine) for joint pain or arthritis more than half the days of the month, past 30 days",0;1,0=No; 1=Yes,
V00MSM,msm,Pain and Medication,Integer,Binary,,Recommended,"Used MSM (methylsulfonylmethane) for joint pain or arthritis more than half the days of the month, past 30 days",0;1,0=No; 1=Yes,
V00DOXYCYC,doxycyc,Pain and Medication,Integer,Binary,,Recommended,"Used Doxycycline (includes Vibra-Tabs, Doryx, Adoxa...) for joint pain or arthritis more than half the days of the month, past 30 days",0;1,0=No; 1=Yes,
V00PNMEDT,pnmedt,Pain and Medication,Integer,Binary,,Recommended,Take any pain medication today (include both prescription and over-the-counter medications for any type of pain),0;1,0=No; 1=Yes,
V00CHON,chon,Pain and Medication,Integer,Binary,,Recommended,"Used chondroitin sulfate for joint pain or arthritis, past 6 months",0;1,0=No; 1=Yes,
V00GLUC,gluc,Pain and Medication,Integer,Binary,,Recommended,"Used glucosamine for joint pain or arthritis, past 6 months",0;1,0=No; 1=Yes,
V00KNINJ,kninj,Medical History,Integer,Binary,,Recommended,"Either knee, injections for treatment of arthritis, past 6 months",0;1,0=No; 1=Yes,
V00HYALKN,hyinjkn,Medical History,Integer,Nominal,,Recommended,"Which knee, injection of hyaluronic acid, past 6 months",1::3,1=Right; 2=Left; 3=Both,hyalkn
V00STERKN,sterkn,Medical History,Integer,Nominal,,Recommended,"Which knee, injection of steroids, past 6 months",1::3,1= Right; 2= Left; 3= Both,
V00TEST,test,Pain and Medication,Integer,Binary,,Recommended,"Used male hormone or testosterone (injection, patch, or rubbed on skin) (men only), past 6 months",0;1,0=No; 1=Yes,
V00TESTUSE,testuse,Pain and Medication,Integer,Ordinal,,Recommended,"Last time used male hormone or testosterone (men only), past 6 months",1::3,1= Less than 1 month ago; 2= 1-2 months ago; 3= 3-6 months ago,
V00ESTR,estr,Pain and Medication,Integer,Binary,,Recommended,"Used Estratest or Syntest, a combination of estrogen and testosterone, for menopausal symptoms or to increase bone density (women only), past 6 months",0;1,0=No; 1=Yes,
V00ESTRUSE,estruse,Pain and Medication,Integer,Ordinal,,Recommended,"Last time used Estratest or Syntest (women only), past 6 months",1::3,1= Less than 1 month ago; 2= 1-2 months ago; 3= 3-6 months ago,
V00GNRH,gnrh,Pain and Medication,Integer,Binary,,Recommended,"Received GnRH antagonist injections (such as Antagon, Cetrotide, Lupron) to treat vaginal bleeding/prostate cancer, past 6 months",0;1,0=No; 1=Yes,
V00GNRHUSE,gnrhuse,Pain and Medication,Integer,Ordinal,,Recommended,"Last time had GnRH antagonist injection, past 6 months",1::3,1= Less than 1 month ago; 2= 1-2 months ago; 3= 3-6 months ago,
V00PTH,pth,Pain and Medication,Integer,Binary,,Recommended,"Used parathyroid hormone or PTH  (includes Forteo, or teriparatide, given by injection) to treat osteoporosis, past 6 months",0;1,0=No; 1=Yes,
V00PTHUSE,pthuse,Pain and Medication,Integer,Ordinal,,Recommended,"Last time had parathyroid hormone or PTH injection, past 6 months",1::3,1= Less than 1 month ago; 2= 1-2 months ago; 3= 3-6 months ago,
V00BISPHOS,bisphos,Pain and Medication,Integer,Binary,,Recommended,"Taken bisphosphonate medication (includes alendronate, risedronate...) to treat osteoporosis or Paget's disease, past 5 years",0;1,0=No; 1=Yes,
V00BISPYRS,bisphosyrs,Pain and Medication,Integer,Count,,Recommended,How many years take bisphosphonates,,,bispyrs
V00BISPUSE,bisphosuse,Pain and Medication,Integer,Ordinal,,Recommended,"Last time taken bisphosphonate medication (includes alendronate, risedronate...) to treat osteoporosis or Paget''s disease, past 5 years",1::3,1=Less than a year ago; 2=1-2 years ago; 3=3-5 years ago,bispuse
V00CAM12,cam12,Pain and Medication,Integer,Binary,,Recommended,"Complementary and alternative (CAM) treatments: seen someone other than medical doctor or nurse, such as chiropractor or acupuncturist, specifically for arthritis or joint pain, past 12 months",0;1,0=No; 1=Yes,
V00ACUTNUM,acutnum,Pain and Medication,Integer,Ordinal,,Recommended,"Complementary and alternative (CAM) treatments: how many times see acupuncture practitioner for arthritis or joint pain, past 12 months",1::4,1= Only one time; 2= 2-4 times; 3= 5-10 times; 4= More than 10 times,
V00ACUTCUR,acutcur,Pain and Medication,Integer,Binary,,Recommended,Complementary and alternative (CAM) treatments: currently seeing acupuncture practitioner for arthritis or joint pain,0;1,0=No; 1=Yes,
V00ACUSNUM,acusnum,Pain and Medication,Integer,Ordinal,,Recommended,"Complementary and alternative (CAM) treatments: how many times see acupressure practitioner for arthritis or joint pain, past 12 months",1::4,1= Only one time; 2= 2-4 times; 3= 5-10 times; 4= More than 10 times,
V00ACUSCUR,acuscur,Pain and Medication,Integer,Binary,,Recommended,Complementary and alternative (CAM) treatments: currently seeing acupressure practitioner for arthritis or joint pain,0;1,0=No; 1=Yes,
V00CHELCUR,chelcur,Pain and Medication,Integer,Binary,,Recommended,Complementary and alternative (CAM) treatments: currently seeing chelation therapy practitioner for arthritis or joint pain,0;1,0=No; 1=Yes,
V00CHELNUM,chelnum,Pain and Medication,Integer,Ordinal,,Recommended,"Complementary and alternative (CAM) treatments: how many times see chelation therapy practitioner for arthritis or joint pain, past 12 months",1::4,1= Only one time; 2= 2-4 times; 3= 5-10 times; 4= More than 10 times,
V00CHIRNUM,chirnum,Pain and Medication,Integer,Ordinal,,Recommended,"Complementary and alternative (CAM) treatments: how many times see chiropractic care practitioner for arthritis or joint pain, past 12 months",1::4,1= Only one time; 2= 2-4 times; 3= 5-10 times; 4= More than 10 times,
V00CHIRCUR,chircur,Pain and Medication,Integer,Binary,,Recommended,Complementary and alternative (CAM) treatments: currently seeing chiropractic care practitioner for arthritis or joint pain,0;1,0=No; 1=Yes,
V00FOLKNUM,folknum,Pain and Medication,Integer,Ordinal,,Recommended,"Complementary and alternative (CAM) treatments: how many times see folk medicine practitioner for arthritis or joint pain, past 12 months",1::4,1= Only one time; 2= 2-4 times; 3= 5-10 times; 4= More than 10 times,
V00FOLKCUR,folkcur,Pain and Medication,Integer,Binary,,Recommended,Complementary and alternative (CAM) treatments: currently seeing folk medicine practitioner for arthritis or joint pain,0;1,0=No; 1=Yes,
V00HOMENUM,homenum,Pain and Medication,Integer,Ordinal,,Recommended,"Complementary and alternative (CAM) treatments: how many times see homeopathy/homeopathic treatment practitioner for arthritis or joint pain, past 12 months",1::4,1= Only one time; 2= 2-4 times; 3= 5-10 times; 4= More than 10 times,
V00HOMECUR,homecur,Pain and Medication,Integer,Binary,,Recommended,Complementary and alternative (CAM) treatments: currently seeing homeopathy/homeopathic treatment practitioner for arthritis or joint pain,0;1,0=No; 1=Yes,
V00MASSNUM,massnum,Pain and Medication,Integer,Ordinal,,Recommended,"Complementary and alternative (CAM) treatments: how many times see massage practitioner for arthritis or joint pain, past 12 months",1::4,1= Only one time; 2= 2-4 times; 3= 5-10 times; 4= More than 10 times,
V00MASSCUR,masscur,Pain and Medication,Integer,Binary,,Recommended,Complementary and alternative (CAM) treatments: currently seeing massage practitioner for arthritis or joint pain,0;1,0=No; 1=Yes,
V00DIET12,diet12,Pain and Medication,Integer,Binary,,Recommended,"Complementary and alternative (CAM) treatments: follow special food plan or diet, such as a vegetarian or low-fat diet, for arthritis or joint pain, past 12 months",0;1,0=No; 1=Yes,
V00VITM12,vitm12,Pain and Medication,Integer,Binary,,Recommended,"Complementary and alternative (CAM) treatments: use vitamins or minerals, such as selenium or vitamin C or D, for arthritis or joint pain, past 12 months",0;1,0=No; 1=Yes,
V00HERB12,herb12,Pain and Medication,Integer,Binary,,Recommended,"Complementary and alternative (CAM) treatments: use herbs, such as echinacea, ginger or garlic, for arthritis or joint pain, past 12 months",0;1,0=No; 1=Yes,
V00RUBS12,rubs12,Pain and Medication,Integer,Binary,,Recommended,"Complementary and alternative (CAM) treatments: used rubs, lotions, liniments, creams or oils, such as tiger balm or horse liniment, for arthritis or joint pain, past 12 months",0;1,0=No; 1=Yes,
V00BRAC12,brac12,Pain and Medication,Integer,Binary,,Recommended,"Complementary and alternative (CAM) treatments: worn copper bracelets or used magnets for arthritis or joint pain, past 12 months",0;1,0=No; 1=Yes,
V00YOGA12,yoga12,Pain and Medication,Integer,Binary,,Recommended,"Complementary and alternative (CAM) treatments: do any health or special movement activity, such as Tai Chi, Yoga, Chi Gong or Pilates, for arthritis or joint pain, past 12 months",0;1,0=No; 1=Yes,
V00RELA12,rela12,Pain and Medication,Integer,Binary,,Recommended,"Complementary and alternative (CAM) treatments: do relaxation or mind-body activities, such as meditation, deep breathing or visualization, for arthritis or joint pain, past 12 months",0;1,0=No; 1=Yes,
V00SPIR12,spir12,Pain and Medication,Integer,Binary,,Recommended,"Complementary and alternative (CAM) treatments: do spiritual activities (e.g., prayer, laying on of hands, healing circles, or faith healing) for arthritis or joint pain, past 12 months",0;1,0=No; 1=Yes,
V00RX30,rx30,Pain and Medication,Integer,Nominal,,Recommended,"bring in or identify all prescription medications taken, past 30 days",0::3,0= No; 1= All; 2= Some; 3= Took None,
V00RX30NUM,rx30num,Pain and Medication,Integer,Count,,Recommended,total number of medications recorded,,,
P02KPMEDCV,kpmedcv,Pain and Medication,Integer,Binary,,Recommended,"Either knee, used medication for pain, aching or stiffness more than half the days of a month, past 12 months",0;1,0=No; 1=Yes,
P02KRSCV,krscv,Medical History,Integer,Nominal,,Recommended,Which knee replaced during knee replacement surgery,0::3,0= No knee replacement surgery; 1= Right knee; 2= Left knee; 3= Both knees,
P01RAJSCV,rajscv,Medical History,Integer,Binary,,Recommended,RA Symptoms: have morning stiffness (in any joints lasting at least one hour) for more than six weeks,0;1,0=No; 1=Yes,
P01RATSTCV,ratstcv,Medical History,Integer,Nominal,,Recommended,RA Symptoms: RA blood test results,0::2,0= No test; 1= Negative; 2= Positive,
P01OADEGCV,oadegcv,Medical History,Integer,Binary,,Recommended,Doctor said you had osteoarthritis/degenerative arthritis in knee,0;1,0=No; 1=Yes,
P01OAHIPCV,oahipcv,Medical History,Integer,Binary,,Recommended,Doctor said you had osteoarthritis/degenerative arthritis in hip,0;1,0=No; 1=Yes,
P01OAHNDCV,oahndcv,Medical History,Integer,Binary,,Recommended,Doctor said you had osteoarthritis/degenerative arthritis in hand/fingers,0;1,0=No; 1=Yes,
P01OABCKCV,oabckcv,Medical History,Integer,Binary,,Recommended,Doctor said you had osteoarthritis/degenerative arthritis in back/neck,0;1,0=No; 1=Yes,
P01OAOTHCV,oaothcv,Medical History,Integer,Binary,,Recommended,Doctor said you had osteoarthritis/degenerative arthritis in some other joint,0;1,0=No; 1=Yes,
P01GOUTCV,goutcv,Medical History,Integer,Binary,,Recommended,Doctor said you had gout,0;1,0=No; 1=Yes,
P01OTARTCV,otartcv,Medical History,Integer,Binary,,Recommended,Doctor said you had some other type of arthritis,0;1,0=No; 1=Yes,
P01ARTDRCV,artdrcv,Medical History,Integer,Binary,,Recommended,Seeing doctor/other professional for knee arthritis,0;1,0=No; 1=Yes,
P01KPMEDCV,kpmedcv,Pain and Medication,Integer,Binary,,Recommended,"Either knee, used medication for pain, aching or stiffness more than half the days of a month, past 12 months",0;1,0=No; 1=Yes,
P01OVNUMCV,ovnumcv,Medical History,Integer,Ordinal,,Recommended,How many ovaries removed,0::2,,
V00COMORB,comorb,Comorbidity,Integer,Count,,Recommended,Comorbidity Score,,,
V00FALLCV,fallcv,Medical History,Integer,Ordinal,,Recommended,"How many times fallen, past 12 months (calc)",0::4,0=none; 1=one; 2=two or three; 3= four or five; 4=six or more;,
V00HT25MM,ht25mm,Medical History,Float,Continuous,,Recommended,"Height at age 25, self- reported (mm)",,,
V00WT25KG,wt25kg,Medical History,Float,Continuous,,Recommended,"Weight at age 25, self- reported (kg)",,,
V00WTMAXKG,wtmaxkg,Medical History,Float,Continuous,,Recommended,"Maximum adult weight, self- reported (kg)",,,
V00WTMINKG,wtminkg,Medical History,Float,Continuous,,Recommended,"Minimum adult weight, self- reported (kg)",,,
V00SMOKER,smoking,Medical History,Integer,Nominal,,Recommended,What is your smoking status? ,1::4,1 = Current smoker; 2 = Former smoker; 3 = Never smoked; 4=Current but not regular,
V00SMKPKYR,smkpkyr,Medical History,Integer,Count,,Recommended,Pack- years of smoking cigarettes,,,
V00PSMOKER,psmoker,Medical History,Integer,Nominal,,Recommended,"status for pipe, cigars or cigarillos (calc)",0::3,"0=Never; 1=Current; 2= Former; 3=Current, but never regular",
V00PSMKYR,psmkyr,Medical History,Integer,Count,,Recommended,"Years of smoking pipe, cigars or cigarillos",,,
V00CESD,cesd,Depression,Integer,Continuous,,Recommended,Center for Epidemiologic Studies Depression Scale (CES-D) Score,0::60,Sum of the 20 CES-D Items,
V00HYAINJR,hyainjr,Pain and Medication,Integer,Binary,,Recommended,"Right knee hyaluronic acid injection, past 6 months",0;1,0= No injection received; 1= Injection received,
V00HYAINJL,hyainjl,Pain and Medication,Integer,Binary,,Recommended,"Left knee hyaluronic acid injection, past 6 months",0;1,0= No injection received; 1= Injection received,
V00STRINJR,strinjr,Pain and Medication,Integer,Binary,,Recommended,"Right knee steroid injection, past 6 months",0;1,0= No injection received; 1= Injection received,
V00STRINJL,strinjl,Pain and Medication,Integer,Binary,,Recommended,"Left knee steroid injection, past 6 months",0;1,0= No injection received; 1= Injection received,
V00BISPTYP,bisphostyp,Pain and Medication,Integer,Nominal,,Recommended,"Type of bisphosphonate taken, past 5 years",0::4,0=No bisphosphonates taken; 1=Alendronate only; 2=Risedronate only; 3=Alendronate and Risedronate; 4=Other,bistyp
V00CHNFQCV,chnfqcv,Pain and Medication,Integer,Ordinal,,Recommended,"Chondroitin sulfate frequency of use, past 6 months",0::4,0= None; 1= One day per week or less; 2= 2-3 days per week; 3= 4-5 days per week; 4= Nearly every day or every day,
V00GLCFQCV,glcfqcv,Pain and Medication,Integer,Ordinal,,Recommended,"Glucosamine frequency of use, past 6 months",0::4,0= None; 1= One day per week or less; 2= 2-3 days per week; 3= 4-5 days per week; 4= Nearly every day or every day,
V00HYINJCV,hyinjcv,Medical History,Integer,Binary,,Recommended,"Either knee, hyaluronic acid injection (Synvisc/Hyalgan), past 6 months",0;1,0=No; 1=Yes,
V00STINJCV,stinjcv,Medical History,Integer,Binary,,Recommended,"Either knee, steroid injection (cortisone/corticosteroid), past 6 months",0;1,0=No; 1=Yes,
V00ACUTCV,acutcv,Pain and Medication,Integer,Binary,,Recommended,"Complementary and alternative (CAM) treatments: seen acupuncture practitioner for arthritis or joint pain, past 12 months",0;1,0=No; 1=Yes,
V00ACUSCV,acuscv,Pain and Medication,Integer,Binary,,Recommended,"Complementary and alternative (CAM) treatments: seen acupressure practitioner for arthritis or joint pain, past 12 months",0;1,0=No; 1=Yes,
V00CHELCV,chelcv,Pain and Medication,Integer,Binary,,Recommended,"Complementary and alternative (CAM) treatments: seen chelation therapy practitioner for arthritis or joint pain, past 12 months",0;1,0=No; 1=Yes,
V00CHIRCV,chircv,Pain and Medication,Integer,Binary,,Recommended,"Complementary and alternative (CAM) treatments: seen chiropractic care practitioner for arthritis or joint pain, past 12 months",0;1,0=No; 1=Yes,
V00FOLKCV,folkcv,Pain and Medication,Integer,Binary,,Recommended,"Complementary and alternative (CAM) treatments: seen folk medicine practitioner for arthritis or joint pain, past 12 months",0;1,0=No; 1=Yes,
V00HOMECV,homecv,Pain and Medication,Integer,Binary,,Recommended,"Complementary and alternative (CAM) treatments: seen homeopathy/homeopathic treatment practitioner for arthritis or joint pain, past 12 months",0;1,0=No; 1=Yes,
V00MASSCV,masscv,Pain and Medication,Integer,Binary,,Recommended,"Complementary and alternative (CAM) treatments: seen massage practitioner for arthritis or joint pain, past 12 months",0;1,0=No; 1=Yes,
V00DIETCV,dietcv,Pain and Medication,Integer,Binary,,Recommended,Complementary and alternative (CAM) treatments: currently following special food plan or diet for arthritis or joint pain,0;1,0=No; 1=Yes,
V00VITMCV,vitmcv,Pain and Medication,Integer,Binary,,Recommended,Complementary and alternative (CAM) treatments: currently using vitamins/minerals for arthritis or joint pain,0;1,0=No; 1=Yes,
V00RUBCV,rubcv,Pain and Medication,Integer,Binary,,Recommended,"Complementary and alternative (CAM) treatments: currently using rubs, lotions, liniments, creams or oils for arthritis or joint pain",0;1,0=No; 1=Yes,
V00CAPSNCV,capsncv,Pain and Medication,Integer,Binary,,Recommended,Complementary and alternative (CAM) treatments: currently using Capsaicin (pepper cream) for arthritis or joint pain,0;1,0=No; 1=Yes,
V00BRACCV,braccv,Pain and Medication,Integer,Binary,,Recommended,Complementary and alternative (CAM) treatments: currently wear copper bracelets or use magnets for arthritis or joint pain,0;1,0=No; 1=Yes,
V00YOGACV,yogacv,Pain and Medication,Integer,Binary,,Recommended,Complementary and alternative (CAM) treatments: currently do any type of health or special movement activity for arthritis or joint pain,0;1,0=No; 1=Yes,
V00HERBCV,herbcv,Pain and Medication,Integer,Binary,,Recommended,Complementary and alternative (CAM) treatments: currently using any herbs for arthritis or joint pain,0;1,0=No; 1=Yes,
V00RELACV,relacv,Pain and Medication,Integer,Binary,,Recommended,Complementary and alternative (CAM) treatments: currently do relaxation or mind-body activities for arthritis or joint pain,0;1,0=No; 1=Yes,
V00SPIRCV,spircv,Pain and Medication,Integer,Binary,,Recommended,Complementary and alternative (CAM) treatments: currently do any type of spiritual activities for arthritis or joint pain,0;1,0=No; 1=Yes,
V00RXANALG,rxanalg,Pain and Medication,Integer,Binary,,Recommended,Rx Analgesic use indicator,0;1,0= Not used in last 30 days; 1= Used in last 30 days,
V00RXVLCXB,rxvlcxb,Pain and Medication,Integer,Binary,,Recommended,Rx Valdecoxib use indicator,0;1,0= Not used in last 30 days; 1= Used in last 30 days,
V00RXFLUOR,rxfluor,Pain and Medication,Integer,Binary,,Recommended,Rx Fluoride use indicator,0;1,0= Not used in last 30 days; 1= Used in last 30 days,
V00RXCLCTN,rxclctn,Pain and Medication,Integer,Binary,,Recommended,Rx Calcitonin use indicator,0;1,0= Not used in last 30 days; 1= Used in last 30 days,
V00RXBISPH,rxbisph,Pain and Medication,Integer,Binary,,Recommended,Rx Bisphosphonate use indicator,0;1,0= Not used in last 30 days; 1= Used in last 30 days,
P01RASTASV,rastasv,Medical History,Integer,Nominal,,Recommended,"RA/other inflammatory arthritis diagnosis and medication status, self-report (calc)",0::6,"0= Does not report RA/inflammmatory arthritis; 1= Reports RA/inflammmatory arthritis, no to all RA medications; 2= Reports RA/inflammmatory arthritis, doesn't know to all medications; 3= Reports RA/ inflammmatory arthritis, no/doesn't know to medications; 4= doesn't know to RA/inflammmatory arthritis, no to all medications; 5= doesn't know to RA/inflammmatory arthritis, doesn't know to all medications; 6= doesn't know to RA/inflammmatory arthritis, no/doesn't know to all medications",rastafu
V00RXIHYAL,rxihyal,Pain and Medication,Integer,Binary,,Recommended,Rx Injected hyaluronic acid use indicator,0;1,0= Not used in last 30 days; 1= Used in last 30 days,
V00RXRFCXB,rxrfcxb,Pain and Medication,Integer,Binary,,Recommended,Rx Rofecoxib use indicator,0;1,0= Not used in last 30 days; 1= Used in last 30 days,
V00RXNARC,rxnarc,Pain and Medication,Integer,Binary,,Recommended,Rx Narcotic analgesic use indicator,0;1,0= Not used in last 30 days; 1= Used in last 30 days,
V00RXISTRD,rxistrd,Pain and Medication,Integer,Binary,,Recommended,Rx Injected corticosteroid use indicator,0;1,0= Not used in last 30 days; 1= Used in last 30 days,
V00RXCOX2,rxcox2,Pain and Medication,Integer,Binary,,Recommended,Rx COX-II inhibitor use indicator,0;1,0= Not used in last 30 days; 1= Used in last 30 days,
V00RXCHOND,rxchond,Pain and Medication,Integer,Binary,,Recommended,Rx Chondroitin sulfate use indicator,0;1,0= Not used in last 30 days; 1= Used in last 30 days,
V00RXOTHAN,rxothan,Pain and Medication,Integer,Binary,,Recommended,Rx Other analgesic use indicator,0;1,0= Not used in last 30 days; 1= Used in last 30 days,
V00RXGLCSM,rxglcsm,Pain and Medication,Integer,Binary,,Recommended,Rx Glucosamine use indicator,0;1,0= Not used in last 30 days; 1= Used in last 30 days,
V00RXACTM,rxactm,Pain and Medication,Integer,Binary,,Recommended,Rx Acetaminophen use indicator,0;1,0= Not used in last 30 days; 1= Used in last 30 days,
V00RXMSM,rxmsm,Pain and Medication,Integer,Binary,,Recommended,Rx Methylsulfonylmethane use indicator,0;1,0= Not used in last 30 days; 1= Used in last 30 days,
P02KSURGCV,ksurgcv,Medical History,Integer,Binary,,Recommended,"Either knee, ever had knee replacement surgery where all or part of joint was replaced",0;1,0=No; 1=Yes,
V00RXNSAID,rxnsaid,Pain and Medication,Integer,Binary,,Recommended,Rx NSAID use indicator,0;1,0= Not used in last 30 days; 1= Used in last 30 days,
V00RXASPRN,rxasprn,Pain and Medication,Integer,Binary,,Recommended,Rx Aspirin use indicator,0;1,0= Not used in last 30 days; 1= Used in last 30 days,
V00RXNTRAT,rxntrat,Pain and Medication,Integer,Binary,,Recommended,Rx Nitrate use indicator,0;1,0= Not used in last 30 days; 1= Used in last 30 days,
V00RXRALOX,rxralox,Pain and Medication,Integer,Binary,,Recommended,Rx Raloxifene use indicator,0;1,0= Not used in last 30 days; 1= Used in last 30 days,
V00RXVIT_D,rxvit_d,Pain and Medication,Integer,Binary,,Recommended,Rx Vitamin D use indicator,0;1,0=Not used in last 30 days; 1=Used in last 30 days,
V00RXOSTRD,rxostrd,Pain and Medication,Integer,Binary,,Recommended,Rx Oral corticosteroid use indicator,0;1,0= Not used in last 30 days; 1= Used in last 30 days,
V00RXCLCXB,rxclcxb,Pain and Medication,Integer,Binary,,Recommended,Rx Celecoxib use indicator,0;1,0= Not used in last 30 days; 1= Used in last 30 days,
V00RXTPRTD,rxtprtd,Pain and Medication,Integer,Binary,,Recommended,Rx Teriparatide use indicator,0;1,0= Not used in last 30 days; 1= Used in last 30 days,
V00RXSALIC,rxsalic,Pain and Medication,Integer,Binary,,Recommended,Rx Salicylate use indicator,0;1,0= Not used in last 30 days; 1= Used in last 30 days,
V00RXSAME,rxsame,Pain and Medication,Integer,Binary,,Recommended,"Rx S-adenosylmethionine use indicator, taken past 12 months",0;1,0= Not used in last 30 days; 1= Used in last 30 days,
P01RATOTCV,ratotcv,Medical History,Integer,Count,,Recommended,RA symptoms: total score for questions #2 through #8,,,
P02CNCOTH,cncoth,Medical History,Integer,Binary,,Recommended,"Eligibility Interview:Cancer type: colon, uterine and other, self- reported",0;1,0=No; 1=Yes,
P01RAWE6L,rawe6l,Medical History,Integer,Binary,,Recommended,"RA symptoms: left wrist or elbow swelling, ever had lasting more than 6 weeks",0;1,0=No; 1=Yes,
P01HRSRFXO,hrsrfxo,Medical History,Integer,Binary,,Recommended,"Right hip replacement reason, hip fracture or other",0;1,0=No; 1=Yes,hrfxo12
P01HRSLFXO,hrslfxo,Medical History,Integer,Binary,,Recommended,"Left hip replacement reason, hip fracture or other",0;1,0=No; 1=Yes,hlfxo12
P01RAWE6R,rawe6r,Medical History,Integer,Binary,,Recommended,"RA symptoms: right wrist or elbow swelling, ever had lasting more than 6 weeks",0;1,0=No; 1=Yes,
V00OTHCAMC,othcamc,Pain and Medication,Integer,Binary,,Recommended,Complementary and alternative (CAM) treatments: currently seeing ayurveda/biofeedback/energy healing/hypnosis/naturopathy practitioner for arthritis or joint pain,0;1,0=No; 1=Yes,
V00OTHCAM,othcam,Pain and Medication,Integer,Binary,,Recommended,"Complementary and alternative (CAM) treatments: seen ayurveda/biofeedback/energy healing/hypnosis/naturopathy practitioner for arthritis or joint pain, past 12 months",0;1,0=No; 1=Yes,
V00FFQ1,ffq1,Nutrition,Integer,Ordinal,,Recommended,"Eggs (Include Egg Biscuits/Egg Mcmuffins (Not Egg Substitutes)), Eat How Often, Past 12 Months",1::9,1= Never; 2= A few times per year; 3= Once per month; 4= 2-3 times per month; 5= Once per week; 6= Twice per week; 7= 3-4 times per week; 8= 5-6 times per week; 9= Every day,
V00FFQSZ1,ffqsz1,Nutrition,Integer,Ordinal,,Recommended,"Eggs (Not Egg Substitutes), How Many Each Time",1::4,1 = 1; 2 = 2; 3 = 3; 4 = 4; Blank = Missing Form/Incomplete Workbook,
V00FFQ2,ffq2,Nutrition,Integer,Ordinal,,Recommended,"Bacon/Breakfast Sausage (Including Sausage Biscuit), Eat How Often, Past 12 Months",1::9,1= Never; 2= A few times per year; 3= Once per month; 4= 2-3 times per month; 5= Once per week; 6= Twice per week; 7= 3-4 times per week; 8= 5-6 times per week; 9= Every day,
V00FFQSZ2,ffqsz2,Nutrition,Integer,Ordinal,,Recommended,"Bacon/Breakfast Sausage, How Many Pieces Each Time",1::4,1 = 1; 2 = 2; 3 = 3; 4 = 4; Blank = Missing Form/Incomplete Workbook,
V00FFQ3,ffq3,Nutrition,Integer,Ordinal,,Recommended,"Cooked Cereals (E.G., Oatmeal/Cream Of Wheat/Grits) Eat How Often, Past 12 Months",1::9,1= Never; 2= A few times per year; 3= Once per month; 4= 2-3 times per month; 5= Once per week; 6= Twice per week; 7= 3-4 times per week; 8= 5-6 times per week; 9= Every day,
V00FFQSZ3,ffqsz3,Nutrition,Integer,Ordinal,,Recommended,"Cooked Cereals, Which Bowl Each Time",1::4,1=A (1/4 cup of food); 2=B (1/2 cup of food); 3= C (1 cup of food); 4= D(2 cups of food); Blank = Missing Form/Incomplete Workbook,
V00FFQ4,ffq4,Nutrition,Integer,Ordinal,,Recommended,"Cold Cereals (E.G., Corn Flakes/Cheerios...), Eat How Often, Past 12 Months",1::9,1= Never; 2= A few times per year; 3= Once per month; 4= 2-3 times per month; 5= Once per week; 6= Twice per week; 7= 3-4 times per week; 8= 5-6 times per week; 9= Every day,
V00FFQSZ4,ffqsz4,Nutrition,Integer,Ordinal,,Recommended,"Cold Cereals, Which Bowl Each Time",1::4,1=A (1/4 cup of food); 2=B (1/2 cup of food); 3= C (1 cup of food); 4= D(2 cups of food); Blank = Missing Form/Incomplete Workbook,
V00FFQ5,ffq5,Nutrition,Integer,Nominal,,Recommended,"Cereal, Which Eat Most Often",1::4,"1= Product 19, Just Right, Total; 2= Bran Buds, other fiber cereals; 3= Other cold cereal, like Corn Flakes etc; 4= I dont eat cold cereal",
V00FFQ6,ffq6,Nutrition,Integer,Ordinal,,Recommended,"Cheese/Sliced Cheese/Cheese Spread (Including On Sandwiches), Eat How Often, Past 12 Months",1::9,1= Never; 2= A few times per year; 3= Once per month; 4= 2-3 times per month; 5= Once per week; 6= Twice per week; 7= 3-4 times per week; 8= 5-6 times per week; 9= Every day,
V00FFQSZ6,ffqsz6,Nutrition,Integer,Ordinal,,Recommended,"Cheese, How Many Slices Each Time",1::4,1 = 1; 2 = 2; 3 = 3; 4 = 4; Blank = Missing Form/Incomplete Workbook,
V00FFQ7,ffq7,Nutrition,Integer,Ordinal,,Recommended,"Yogurt (Not Frozen Yogurt), Eat How Often, Past 12 Months",1::9,1= Never; 2= A few times per year; 3= Once per month; 4= 2-3 times per month; 5= Once per week; 6= Twice per week; 7= 3-4 times per week; 8= 5-6 times per week; 9= Every day,
V00FFQSZ7,ffqsz7,Nutrition,Integer,Ordinal,,Recommended,"Yogurt (Not Frozen Yogurt), How Much Each Time",1::4,1=A (1/4 cup of food); 2=B (1/2 cup of food); 3= C (1 cup of food); 4= D(2 cups of food); Blank = Missing Form/Incomplete Workbook,
V00FFQ8,ffq8,Nutrition,Integer,Ordinal,,Recommended,"Bananas, Eat How Often, Past 12 Months",1::9,1= Never; 2= A few times per year; 3= Once per month; 4= 2-3 times per month; 5= Once per week; 6= Twice per week; 7= 3-4 times per week; 8= 5-6 times per week; 9= Every day,
V00FFQSZ8,ffqsz8,Nutrition,Integer,Ordinal,,Recommended,"Bananas, How Many Each Time",1::4,1 = 1/2; 2 = 1; 3 = 2; 4 = 3; Blank = Missing Form/Incomplete Workbook,
V00FFQ9,ffq9,Nutrition,Integer,Ordinal,,Recommended,"Apples/Pears, Eat How Often, Past 12 Months",1::9,1= Never; 2= A few times per year; 3= Once per month; 4= 2-3 times per month; 5= Once per week; 6= Twice per week; 7= 3-4 times per week; 8= 5-6 times per week; 9= Every day,
V00FFQSZ9,ffqsz9,Nutrition,Integer,Ordinal,,Recommended,"Apples/Pears, How Many Each Time",1::4,1 = 1/2; 2 = 1; 3 = 2; 4 = 3; Blank = Missing Form/Incomplete Workbook,
V00FFQ10,ffq10,Nutrition,Integer,Ordinal,,Recommended,"Oranges/Tangerines (Not Including Juice), Eat How Often, Past 12 Months",1::9,1= Never; 2= A few times per year; 3= Once per month; 4= 2-3 times per month; 5= Once per week; 6= Twice per week; 7= 3-4 times per week; 8= 5-6 times per week; 9= Every day,
V00FFQSZ10,ffqsz10,Nutrition,Integer,Ordinal,,Recommended,"Oranges/Tangerines, How Many Each Time",1::4,1 = 1/2; 2 = 1; 3 = 2; 4 = 3; Blank = Missing Form/Incomplete Workbook,
V00FFQ11,ffq11,Nutrition,Integer,Ordinal,,Recommended,"Applesauce/Fruit Cocktail/Any Canned Fruit, Eat How Often, Past 12 Months",1::9,1= Never; 2= A few times per year; 3= Once per month; 4= 2-3 times per month; 5= Once per week; 6= Twice per week; 7= 3-4 times per week; 8= 5-6 times per week; 9= Every day,
V00FFQSZ11,ffqsz11,Nutrition,Integer,Ordinal,,Recommended,"Applesauce/Fruit Cocktail/Any Canned Fruit, How Much Each Time",1::4,1=A (1/4 cup of food); 2=B (1/2 cup of food); 3= C (1 cup of food); 4= D(2 cups of food); Blank = Missing Form/Incomplete Workbook,
V00FFQ12,ffq12,Nutrition,Integer,Ordinal,,Recommended,"Any Other Fruit (E.G., Grapes/Melon/Strawberries/Peaches), Eat How Often, Past 12 Months",1::9,1= Never; 2= A few times per year; 3= Once per month; 4= 2-3 times per month; 5= Once per week; 6= Twice per week; 7= 3-4 times per week; 8= 5-6 times per week; 9= Every day,
V00FFQSZ12,ffqsz12,Nutrition,Integer,Ordinal,,Recommended,"Any Other Fruit, How Much Each Time",1::4,1=A (1/4 cup of food); 2=B (1/2 cup of food); 3= C (1 cup of food); 4= D(2 cups of food); Blank = Missing Form/Incomplete Workbook,
V00FFQ13,ffq13,Nutrition,Integer,Ordinal,,Recommended,"French Fries/Fried Potatoes/Hash Browns, Eat How Often, Past 12 Months",1::9,1= Never; 2= A few times per year; 3= Once per month; 4= 2-3 times per month; 5= Once per week; 6= Twice per week; 7= 3-4 times per week; 8= 5-6 times per week; 9= Every day,
V00FFQSZ13,ffqsz13,Nutrition,Integer,Ordinal,,Recommended,"French Fries/Fried Potatoes/Hash Browns, How Much Each Time",1::4,1=A (1/4 cup of food); 2=B (1/2 cup of food); 3= C (1 cup of food); 4= D(2 cups of food); Blank = Missing Form/Incomplete Workbook,
V00FFQ14,ffq14,Nutrition,Integer,Ordinal,,Recommended,"White Potatoes Not Fried (Including Boiled/Baked/Mashed/Potato Salad), Eat How Often, Past 12 Months",1::9,1= Never; 2= A few times per year; 3= Once per month; 4= 2-3 times per month; 5= Once per week; 6= Twice per week; 7= 3-4 times per week; 8= 5-6 times per week; 9= Every day,
V00FFQSZ14,ffqsz14,Nutrition,Integer,Ordinal,,Recommended,"White Potatoes Not Fried, How Much Each Time",1::4,1=A (1/4 cup of food); 2=B (1/2 cup of food); 3= C (1 cup of food); 4= D(2 cups of food); Blank = Missing Form/Incomplete Workbook,
V00FFQ15,ffq15,Nutrition,Integer,Ordinal,,Recommended,"Sweet Potatoes/Yams/Sweet Potato Pie, Eat How Often, Past 12 Months",1::9,1= Never; 2= A few times per year; 3= Once per month; 4= 2-3 times per month; 5= Once per week; 6= Twice per week; 7= 3-4 times per week; 8= 5-6 times per week; 9= Every day,
V00FFQSZ15,ffqsz15,Nutrition,Integer,Ordinal,,Recommended,"Sweet Potatoes/Yams/Sweet Potato Pie, How Much Each Time",1::4,1=A (1/4 cup of food); 2=B (1/2 cup of food); 3= C (1 cup of food); 4= D(2 cups of food); Blank = Missing Form/Incomplete Workbook,
V00FFQ16,ffq16,Nutrition,Integer,Ordinal,,Recommended,"Rice/Dishes Made With Rice, Eat How Often, Past 12 Months",1::9,1= Never; 2= A few times per year; 3= Once per month; 4= 2-3 times per month; 5= Once per week; 6= Twice per week; 7= 3-4 times per week; 8= 5-6 times per week; 9= Every day,
V00FFQSZ16,ffqsz16,Nutrition,Integer,Ordinal,,Recommended,"Rice/Dishes Made With Rice, How Much Each Time",1::4,1=A (1/4 cup of food); 2=B (1/2 cup of food); 3= C (1 cup of food); 4= D(2 cups of food); Blank = Missing Form/Incomplete Workbook,
V00FFQ17,ffq17,Nutrition,Integer,Ordinal,,Recommended,"Baked Beans/Chili With Beans/Pintos/Any Other Dried Beans, Eat How Often, During Past 12 Months",1::9,1= Never; 2= A few times per year; 3= Once per month; 4= 2-3 times per month; 5= Once per week; 6= Twice per week; 7= 3-4 times per week; 8= 5-6 times per week; 9= Every day,
V00FFQSZ17,ffqsz17,Nutrition,Integer,Ordinal,,Recommended,"Baked Beans/Chili With Beans/Pintos/Any Other Dried Beans, How Much Each Time",1::4,1=A (1/4 cup of food); 2=B (1/2 cup of food); 3= C (1 cup of food); 4= D(2 cups of food); Blank = Missing Form/Incomplete Workbook,
V00FFQ18,ffq18,Nutrition,Integer,Ordinal,,Recommended,"Refried Beans, Eat How Often, Past 12 Months",1::9,1= Never; 2= A few times per year; 3= Once per month; 4= 2-3 times per month; 5= Once per week; 6= Twice per week; 7= 3-4 times per week; 8= 5-6 times per week; 9= Every day,
V00FFQSZ18,ffqsz18,Nutrition,Integer,Ordinal,,Recommended,"Refried Beans, How Much Each Time",1::4,1=A (1/4 cup of food); 2=B (1/2 cup of food); 3= C (1 cup of food); 4= D(2 cups of food); Blank = Missing Form/Incomplete Workbook,
V00FFQ19,ffq19,Nutrition,Integer,Ordinal,,Recommended,"Green Beans/Green Peas, Eat How Often, Past 12 Months",1::9,1= Never; 2= A few times per year; 3= Once per month; 4= 2-3 times per month; 5= Once per week; 6= Twice per week; 7= 3-4 times per week; 8= 5-6 times per week; 9= Every day,
V00FFQSZ19,ffqsz19,Nutrition,Integer,Ordinal,,Recommended,"Green Beans/Green Peas, How Much Each Time",1::4,1=A (1/4 cup of food); 2=B (1/2 cup of food); 3= C (1 cup of food); 4= D(2 cups of food); Blank = Missing Form/Incomplete Workbook,
V00FFQ20,ffq20,Nutrition,Integer,Ordinal,,Recommended,"Broccoli, Eat How Often, Past 12 Months",1::9,1= Never; 2= A few times per year; 3= Once per month; 4= 2-3 times per month; 5= Once per week; 6= Twice per week; 7= 3-4 times per week; 8= 5-6 times per week; 9= Every day,
V00FFQSZ20,ffqsz20,Nutrition,Integer,Ordinal,,Recommended,"Broccoli, How Much Each Time",1::4,1=A (1/4 cup of food); 2=B (1/2 cup of food); 3= C (1 cup of food); 4= D(2 cups of food); Blank = Missing Form/Incomplete Workbook,
V00FFQ21,ffq21,Nutrition,Integer,Ordinal,,Recommended,"Carrots/Stews Or Mixed Vegetables Containing Carrots, Eat How Often, Past 12 Months",1::9,1= Never; 2= A few times per year; 3= Once per month; 4= 2-3 times per month; 5= Once per week; 6= Twice per week; 7= 3-4 times per week; 8= 5-6 times per week; 9= Every day,
V00FFQSZ21,ffqsz21,Nutrition,Integer,Ordinal,,Recommended,"Carrots/Stews Or Mixed Vegetables Containing Carrots, How Much Each Time",1::4,1=A (1/4 cup of food); 2=B (1/2 cup of food); 3= C (1 cup of food); 4= D(2 cups of food); Blank = Missing Form/Incomplete Workbook,
V00FFQ22,ffq22,Nutrition,Integer,Ordinal,,Recommended,"Spinach/Greens (E.G., Collards), Eat How Often, Past 12 Months",1::9,1= Never; 2= A few times per year; 3= Once per month; 4= 2-3 times per month; 5= Once per week; 6= Twice per week; 7= 3-4 times per week; 8= 5-6 times per week; 9= Every day,
V00FFQSZ22,ffqsz22,Nutrition,Integer,Ordinal,,Recommended,"Spinach/Greens, How Much Each Time",1::4,1=A (1/4 cup of food); 2=B (1/2 cup of food); 3= C (1 cup of food); 4= D(2 cups of food); Blank = Missing Form/Incomplete Workbook,
V00FFQ23,ffq23,Nutrition,Integer,Ordinal,,Recommended,"Cole Slaw/Cabbage, Eat How Often, Past 12 Months",1::9,1= Never; 2= A few times per year; 3= Once per month; 4= 2-3 times per month; 5= Once per week; 6= Twice per week; 7= 3-4 times per week; 8= 5-6 times per week; 9= Every day,
V00FFQSZ23,ffqsz23,Nutrition,Integer,Ordinal,,Recommended,"Cole Slaw/Cabbage, How Much Each Time",1::4,1=A (1/4 cup of food); 2=B (1/2 cup of food); 3= C (1 cup of food); 4= D(2 cups of food); Blank = Missing Form/Incomplete Workbook,
V00FFQ24,ffq24,Nutrition,Integer,Ordinal,,Recommended,"Green Salad, Eat How Often, Past 12 Months",1::9,1= Never; 2= A few times per year; 3= Once per month; 4= 2-3 times per month; 5= Once per week; 6= Twice per week; 7= 3-4 times per week; 8= 5-6 times per week; 9= Every day,
V00FFQSZ24,ffqsz24,Nutrition,Integer,Ordinal,,Recommended,"Green Salad, How Much Each Time",1::4,1=A (1/4 cup of food); 2=B (1/2 cup of food); 3= C (1 cup of food); 4= D(2 cups of food); Blank = Missing Form/Incomplete Workbook,
V00FFQ25,ffq25,Nutrition,Integer,Ordinal,,Recommended,"Raw Tomatoes (Including In Salad), Eat How Often, Past 12 Months",1::9,1= Never; 2= A few times per year; 3= Once per month; 4= 2-3 times per month; 5= Once per week; 6= Twice per week; 7= 3-4 times per week; 8= 5-6 times per week; 9= Every day,
V00FFQSZ25,ffqsz25,Nutrition,Integer,Ordinal,,Recommended,"Raw Tomatoes, How Much Each Time",1::4,1= 1/4; 2= 1/2; 3= 1; 4= 2; Blank = Missing Form/Incomplete Workbook,
V00FFQ26,ffq26,Nutrition,Integer,Ordinal,,Recommended,"Catsup/Salsa/Chile Peppers, Eat How Often, Past 12 Months",1::9,1= Never; 2= A few times per year; 3= Once per month; 4= 2-3 times per month; 5= Once per week; 6= Twice per week; 7= 3-4 times per week; 8= 5-6 times per week; 9= Every day,
V00FFQSZ26,ffqsz26,Nutrition,Integer,Ordinal,,Recommended,"Catsup/Salsa/Chile Peppers, How Many Tbsp Each Time",1::4,1 = 1; 2 = 2; 3 = 3; 4 = 4; Blank = Missing Form/Incomplete Workbook,
V00FFQ27,ffq27,Nutrition,Integer,Ordinal,,Recommended,"Salad Dressing/Mayonnaise (Not Low Fat), Eat How Often, Past 12 Months",1::9,1= Never; 2= A few times per year; 3= Once per month; 4= 2-3 times per month; 5= Once per week; 6= Twice per week; 7= 3-4 times per week; 8= 5-6 times per week; 9= Every day,
V00FFQSZ27,ffqsz27,Nutrition,Integer,Ordinal,,Recommended,"Salad Dressing/Mayonnaise (Not Low Fat), How Many Tbsp Each Time",1::4,1 = 1; 2 = 2; 3 = 3; 4 = 4; Blank = Missing Form/Incomplete Workbook,
V00FFQ28,ffq28,Nutrition,Integer,Ordinal,,Recommended,"Any Other Vegetable (E.G., Corn/Squash/Okra), Eat How Often, Past 12 Months",1::9,1= Never; 2= A few times per year; 3= Once per month; 4= 2-3 times per month; 5= Once per week; 6= Twice per week; 7= 3-4 times per week; 8= 5-6 times per week; 9= Every day,
V00FFQSZ28,ffqsz28,Nutrition,Integer,Ordinal,,Recommended,"Any Other Vegetable, How Much Each Time",1::4,1=A (1/4 cup of food); 2=B (1/2 cup of food); 3= C (1 cup of food); 4= D(2 cups of food); Blank = Missing Form/Incomplete Workbook,
V00FFQ29,ffq29,Nutrition,Integer,Ordinal,,Recommended,"Vegetable Soup/Vegetable Beef, Chicken Vegetable Or Tomato Soup, Eat How Often, Past 12 Months",1::9,1= Never; 2= A few times per year; 3= Once per month; 4= 2-3 times per month; 5= Once per week; 6= Twice per week; 7= 3-4 times per week; 8= 5-6 times per week; 9= Every day,
V00FFQSZ29,ffqsz29,Nutrition,Integer,Ordinal,,Recommended,"Vegetable Soups, Which Bowl Each Time",1::4,1=A (1/4 cup of food); 2=B (1/2 cup of food); 3= C (1 cup of food); 4= D(2 cups of food); Blank = Missing Form/Incomplete Workbook,
V00FFQ30,ffq30,Nutrition,Integer,Binary,,Recommended,"Chicken/Meat/Fish, Ever Eat",0;1,0=No; 1=Yes,
V00FFQ31,ffq31,Nutrition,Integer,Ordinal,,Recommended,"Hamburgers/Cheeseburgers/Meat Loaf (At Home Or In Restaurant), Eat How Often, Past 12 Months",1::9,1= Never; 2= A few times per year; 3= Once per month; 4= 2-3 times per month; 5= Once per week; 6= Twice per week; 7= 3-4 times per week; 8= 5-6 times per week; 9= Every day,
V00FFQSZ31,ffqsz31,Nutrition,Integer,Ordinal,,Recommended,"Meat (Hamburgers...), How Much Each Time",1::4,1=1/8 lb; 2=1/4 lb; 3=1/2 lb; 4=3/4 lb; Blank = Missing Form/Incomplete Workbook,
V00FFQ32,ffq32,Nutrition,Integer,Ordinal,,Recommended,"Tacos/Burritos/Enchiladas/Tamales, Eat How Often, Past 12 Months",1::9,1= Never; 2= A few times per year; 3= Once per month; 4= 2-3 times per month; 5= Once per week; 6= Twice per week; 7= 3-4 times per week; 8= 5-6 times per week; 9= Every day,
V00FFQSZ32,ffqsz32,Nutrition,Integer,Ordinal,,Recommended,"Tacos/Burritos/Enchiladas/Tamales, How Much Each Time",1::4,1=A (1/4 cup of food); 2=B (1/2 cup of food); 3= C (1 cup of food); 4= D(2 cups of food); Blank = Missing Form/Incomplete Workbook,
V00FFQ33,ffq33,Nutrition,Integer,Ordinal,,Recommended,"Beef Steaks/Roasts/Pot Roast (Including In Frozen Dinners/Sandwiches), Eat How Often, Past 12 Months",1::9,1= Never; 2= A few times per year; 3= Once per month; 4= 2-3 times per month; 5= Once per week; 6= Twice per week; 7= 3-4 times per week; 8= 5-6 times per week; 9= Every day,
V00FFQSZ33,ffqsz33,Nutrition,Integer,Ordinal,,Recommended,"Beef Steaks/Roasts/Pot Roast, How Much Each Time",1::4,1=A (1/4 cup of food); 2=B (1/2 cup of food); 3= C (1 cup of food); 4= D(2 cups of food); Blank = Missing Form/Incomplete Workbook,
V00FFQ34,ffq34,Nutrition,Integer,Ordinal,,Recommended,"Pork (Including Chops/Roasts)/Dinner Ham, Eat How Much, Past 12 Months",1::9,1= Never; 2= A few times per year; 3= Once per month; 4= 2-3 times per month; 5= Once per week; 6= Twice per week; 7= 3-4 times per week; 8= 5-6 times per week; 9= Every day,
V00FFQSZ34,ffqsz34,Nutrition,Integer,Ordinal,,Recommended,"Pork/Dinner Ham, How Much Each Time",1::4,1=A (1/4 cup of food); 2=B (1/2 cup of food); 3= C (1 cup of food); 4= D(2 cups of food); Blank = Missing Form/Incomplete Workbook,
V00FFQ35,ffq35,Nutrition,Integer,Ordinal,,Recommended,"Beef/Pork, When Eat Do You…",1::3,1= Avoid eating the fat; 2= Sometimes eat the fat; 3=Often eat the fat,
V00FFQ36,ffq36,Nutrition,Integer,Ordinal,,Recommended,"Mixed Dishes With Meat Or Chicken (E.G., Stew/Corned Beef Hash Or In Frozen Meals), Eat How Often, Past 12 Months",1::9,1= Never; 2= A few times per year; 3= Once per month; 4= 2-3 times per month; 5= Once per week; 6= Twice per week; 7= 3-4 times per week; 8= 5-6 times per week; 9= Every day,
V00FFQSZ36,ffqsz36,Nutrition,Integer,Ordinal,,Recommended,"Mixed Dishes With Meat Or Chicken, How Much Each Time",1::4,1=A (1/4 cup of food); 2=B (1/2 cup of food); 3= C (1 cup of food); 4= D(2 cups of food); Blank = Missing Form/Incomplete Workbook,
V00FFQ37,ffq37,Nutrition,Integer,Ordinal,,Recommended,"Fried Chicken, At Home Or In A Restaurant, Eat How Often, Past 12 Months",1::9,1= Never; 2= A few times per year; 3= Once per month; 4= 2-3 times per month; 5= Once per week; 6= Twice per week; 7= 3-4 times per week; 8= 5-6 times per week; 9= Every day,
V00FFQSZ37,ffqsz37,Nutrition,Integer,Ordinal,,Recommended,"Fried Chicken, Number Medium Pieces Each Time",1::4,1 = 1; 2 = 2; 3 = 3; 4 = 4; Blank = Missing Form/Incomplete Workbook,
V00FFQ38,ffq38,Nutrition,Integer,Ordinal,,Recommended,"Chicken/Turkey Not Fried (E.G., Baked/Grilled/On Sandwiches), Eat How Often, Past 12 Months",1::9,1= Never; 2= A few times per year; 3= Once per month; 4= 2-3 times per month; 5= Once per week; 6= Twice per week; 7= 3-4 times per week; 8= 5-6 times per week; 9= Every day,
V00FFQSZ38,ffqsz38,Nutrition,Integer,Ordinal,,Recommended,"Chicken/Turkey Not Fried, How Much Each Time",1::4,1=A (1/4 cup of food); 2=B (1/2 cup of food); 3= C (1 cup of food); 4= D(2 cups of food); Blank = Missing Form/Incomplete Workbook,
V00FFQ39,ffq39,Nutrition,Integer,Ordinal,,Recommended,"Chicken, When Eat Do You…",1::3,1= avoid eating the skin; 2= sometimes eat the skin; 3=often eat the skin,
V00FFQ40,ffq40,Nutrition,Integer,Ordinal,,Recommended,"Fried Fish/Fish Sandwich At Home Or In A Restaurant, Eat How Often, Past 12 Months",1::9,1= Never; 2= A few times per year; 3= Once per month; 4= 2-3 times per month; 5= Once per week; 6= Twice per week; 7= 3-4 times per week; 8= 5-6 times per week; 9= Every day,
V00FFQSZ40,ffqsz40,Nutrition,Integer,Ordinal,,Recommended,"Fried Fish/Fish Sandwich, How Much Each Time",1::4,1=A (1/4 cup of food); 2=B (1/2 cup of food); 3= C (1 cup of food); 4= D(2 cups of food); Blank = Missing Form/Incomplete Workbook,
V00FFQ41,ffq41,Nutrition,Integer,Ordinal,,Recommended,"Any Other Fish/Shellfish Not Fried (Including Tuna), Eat How Often, Past 12 Months",1::9,1= Never; 2= A few times per year; 3= Once per month; 4= 2-3 times per month; 5= Once per week; 6= Twice per week; 7= 3-4 times per week; 8= 5-6 times per week; 9= Every day,
V00FFQSZ41,ffqsz41,Nutrition,Integer,Ordinal,,Recommended,"Any Other Fish/Shellfish Not Fried, How Much Each Time",1::4,1=A (1/4 cup of food); 2=B (1/2 cup of food); 3= C (1 cup of food); 4= D(2 cups of food); Blank = Missing Form/Incomplete Workbook,
V00FFQ42,ffq42,Nutrition,Integer,Ordinal,,Recommended,"Hot Dogs/Sausage (E.G., Polish/Italian/Chorizo), Eat How Often, Past 12 Months",1::9,1= Never; 2= A few times per year; 3= Once per month; 4= 2-3 times per month; 5= Once per week; 6= Twice per week; 7= 3-4 times per week; 8= 5-6 times per week; 9= Every day,
V00FFQSZ42,ffqsz42,Nutrition,Integer,Ordinal,,Recommended,"Hot Dogs/Sausage, How Many Each Time",1::4,1 = 1; 2 = 2; 3 = 3; 4 = 4; Blank = Missing Form/Incomplete Workbook,
V00FFQ43,ffq43,Nutrition,Integer,Ordinal,,Recommended,"Boloney (Bologna)/Sliced Ham/Turkey Lunch Meat/Other Lunch Meat, Eat How Often, Past 12 Months",1::9,1= Never; 2= A few times per year; 3= Once per month; 4= 2-3 times per month; 5= Once per week; 6= Twice per week; 7= 3-4 times per week; 8= 5-6 times per week; 9= Every day,
V00FFQSZ43,ffqsz43,Nutrition,Integer,Ordinal,,Recommended,"Boloney/Sliced Ham/Turkey Lunch Meat/Other Lunch Meat, How Many Slices Each Time",1::4,1 = 1; 2 = 2; 3 = 3; 4 = 4; Blank = Missing Form/Incomplete Workbook,
V00FFQ44,ffq44,Nutrition,Integer,Ordinal,,Recommended,"Lunch Meats, When Eat Are They...",1::3,1 = Usually low-fat; 2 = Sometimes low-fat; 3 = Rarely low-fat; Blank = Missing Form/Incomplete Workbook,
V00FFQ45,ffq45,Nutrition,Integer,Ordinal,,Recommended,"Spaghetti/Lasagna/Other Pasta With Tomato Sauce, Eat How Often, Past 12 Months",1::9,1= Never; 2= A few times per year; 3= Once per month; 4= 2-3 times per month; 5= Once per week; 6= Twice per week; 7= 3-4 times per week; 8= 5-6 times per week; 9= Every day,
V00FFQSZ45,ffqsz45,Nutrition,Integer,Ordinal,,Recommended,"Spaghetti/Lasagna/Other Pasta With Tomato Sauce, How Much Each Time",1::4,1=A (1/4 cup of food); 2=B (1/2 cup of food); 3= C (1 cup of food); 4= D(2 cups of food); Blank = Missing Form/Incomplete Workbook,
V00FFQ46,ffq46,Nutrition,Integer,Ordinal,,Recommended,"Cheese Dishes Without Tomato Sauce (E.G., Macaroni And Cheese), Eat How Often, Past 12 Months",1::9,1= Never; 2= A few times per year; 3= Once per month; 4= 2-3 times per month; 5= Once per week; 6= Twice per week; 7= 3-4 times per week; 8= 5-6 times per week; 9= Every day,
V00FFQSZ46,ffqsz46,Nutrition,Integer,Ordinal,,Recommended,"Cheese Dishes Without Tomato Sauce, How Much Each Time",1::4,1=A (1/4 cup of food); 2=B (1/2 cup of food); 3= C (1 cup of food); 4= D(2 cups of food); Blank = Missing Form/Incomplete Workbook,
V00FFQ47,ffq47,Nutrition,Integer,Ordinal,,Recommended,"Pizza (Including Carry-Out), Eat How Often, Past 12 Months",1::9,1= Never; 2= A few times per year; 3= Once per month; 4= 2-3 times per month; 5= Once per week; 6= Twice per week; 7= 3-4 times per week; 8= 5-6 times per week; 9= Every day,
V00FFQSZ47,ffqsz47,Nutrition,Integer,Ordinal,,Recommended,"Pizza, How Many Slices Each Time",1::4,1 = 1; 2 = 2; 3 = 3; 4 = 4; Blank = Missing Form/Incomplete Workbook,
V00FFQ48,ffq48,Nutrition,Integer,Ordinal,,Recommended,"Biscuits/Muffins, Eat How Often, Past 12 Months",1::9,1= Never; 2= A few times per year; 3= Once per month; 4= 2-3 times per month; 5= Once per week; 6= Twice per week; 7= 3-4 times per week; 8= 5-6 times per week; 9= Every day,
V00FFQSZ48,ffqsz48,Nutrition,Integer,Ordinal,,Recommended,"Biscuits/Muffins, How Many Each Time",1::4,1 = 1; 2 = 2; 3 = 3; 4 = 4; Blank = Missing Form/Incomplete Workbook,
V00FFQ49,ffq49,Nutrition,Integer,Ordinal,,Recommended,"Rolls/Hamburger Buns/English Muffins/Bagels, Eat How Often, Past 12 Months",1::9,1= Never; 2= A few times per year; 3= Once per month; 4= 2-3 times per month; 5= Once per week; 6= Twice per week; 7= 3-4 times per week; 8= 5-6 times per week; 9= Every day,
V00FFQSZ49,ffqsz49,Nutrition,Integer,Ordinal,,Recommended,"Rolls/Hamburger Buns/English Muffins/Bagels, How Many Each Time",1::4,1=1/2; 2=1; 3=2; 4=3; Blank = Missing Form/Incomplete Workbook,
V00FFQ50,ffq50,Nutrition,Integer,Ordinal,,Recommended,"White Bread/Toast (Including French/Italian Or In Sandwiches), Eat How Often, Past 12 Months",1::9,1= Never; 2= A few times per year; 3= Once per month; 4= 2-3 times per month; 5= Once per week; 6= Twice per week; 7= 3-4 times per week; 8= 5-6 times per week; 9= Every day,
V00FFQSZ50,ffqsz50,Nutrition,Integer,Ordinal,,Recommended,"White Bread/Toast, How Many Slices Each Time",1::4,1 = 1; 2 = 2; 3 = 3; 4 = 4; Blank = Missing Form/Incomplete Workbook,
V00FFQ51,ffq51,Nutrition,Integer,Ordinal,,Recommended,"Dark Bread (E.G., Rye/Whole Wheat, Including In Sandwiches), Eat How Often, Past 12 Months",1::9,1= Never; 2= A few times per year; 3= Once per month; 4= 2-3 times per month; 5= Once per week; 6= Twice per week; 7= 3-4 times per week; 8= 5-6 times per week; 9= Every day,
V00FFQSZ51,ffqsz51,Nutrition,Integer,Ordinal,,Recommended,"Dark Bread, How Many Slices Each Time",1::4,1 = 1; 2 = 2; 3 = 3; 4 = 4; Blank = Missing Form/Incomplete Workbook,
V00FFQ52,ffq52,Nutrition,Integer,Ordinal,,Recommended,"Tortillas, Eat How Often, Past 12 Months",1::9,1= Never; 2= A few times per year; 3= Once per month; 4= 2-3 times per month; 5= Once per week; 6= Twice per week; 7= 3-4 times per week; 8= 5-6 times per week; 9= Every day,
V00FFQSZ52,ffqsz52,Nutrition,Integer,Ordinal,,Recommended,"Tortillas, How Many Each Time",1::4,1 = 1; 2 = 2; 3 = 3; 4 = 4; Blank = Missing Form/Incomplete Workbook,
V00FFQ53,ffq53,Nutrition,Integer,Ordinal,,Recommended,"Margarine On Bread/Potatoes/Vegetables, Eat How Often, Past 12 Months",1::9,1= Never; 2= A few times per year; 3= Once per month; 4= 2-3 times per month; 5= Once per week; 6= Twice per week; 7= 3-4 times per week; 8= 5-6 times per week; 9= Every day,
V00FFQSZ53,ffqsz53,Nutrition,Integer,Ordinal,,Recommended,"Margarine On Bread/Potatoes/Vegetables, How Many Pats (Tsp.) Each Time",1::4,1 = 1; 2 = 2; 3 = 3; 4 = 4; Blank = Missing Form/Incomplete Workbook,
V00FFQ54,ffq54,Nutrition,Integer,Ordinal,,Recommended,"Butter On Bread/Potatoes/Vegetables, Eat How Often, Past 12 Months",1::9,1= Never; 2= A few times per year; 3= Once per month; 4= 2-3 times per month; 5= Once per week; 6= Twice per week; 7= 3-4 times per week; 8= 5-6 times per week; 9= Every day,
V00FFQSZ54,ffqsz54,Nutrition,Integer,Ordinal,,Recommended,"Butter On Bread/Potatoes/Vegetables, How Many Pats (Tsp.) Each Time",1::4,1 = 1; 2 = 2; 3 = 3; 4 = 4; Blank = Missing Form/Incomplete Workbook,
V00FFQ55,ffq55,Nutrition,Integer,Ordinal,,Recommended,"Peanuts/Peanut Butter, Eat How Often, Past 12 Months",1::9,1= Never; 2= A few times per year; 3= Once per month; 4= 2-3 times per month; 5= Once per week; 6= Twice per week; 7= 3-4 times per week; 8= 5-6 times per week; 9= Every day,
V00FFQSZ55,ffqsz55,Nutrition,Integer,Ordinal,,Recommended,"Peanuts/Peanut Butter, How Many Tbsp Each Time",1::4,1 = 1; 2 = 2; 3 = 3; 4 = 4; Blank = Missing Form/Incomplete Workbook,
V00FFQ56,ffq56,Nutrition,Integer,Ordinal,,Recommended,"Snacks (E.G., Potato Chips/Corn Chips/Popcorn, Not Pretzels), Eat How Often, Past 12 Months",1::9,1= Never; 2= A few times per year; 3= Once per month; 4= 2-3 times per month; 5= Once per week; 6= Twice per week; 7= 3-4 times per week; 8= 5-6 times per week; 9= Every day,
V00FFQSZ56,ffqsz56,Nutrition,Integer,Ordinal,,Recommended,"Snacks (Not Pretzels), How Much Each Time",1::4,1=A (1/4 cup of food); 2=B (1/2 cup of food); 3= C (1 cup of food); 4= D(2 cups of food); Blank = Missing Form/Incomplete Workbook,
V00FFQ57,ffq57,Nutrition,Integer,Ordinal,,Recommended,"Doughnuts/Cake/Pastry/Pie, Eat How Often, Past 12 Months",1::9,1= Never; 2= A few times per year; 3= Once per month; 4= 2-3 times per month; 5= Once per week; 6= Twice per week; 7= 3-4 times per week; 8= 5-6 times per week; 9= Every day,
V00FFQSZ57,ffqsz57,Nutrition,Integer,Ordinal,,Recommended,"Doughnuts/Cake/Pastry/Pie, How Many Pieces Each Time",1::4,1 = 1; 2 = 2; 3 = 3; 4 = 4; Blank = Missing Form/Incomplete Workbook,
V00FFQ58,ffq58,Nutrition,Integer,Ordinal,,Recommended,"Cookies (Not Low Fat), Eat How Often, Past 12 Months",1::9,1= Never; 2= A few times per year; 3= Once per month; 4= 2-3 times per month; 5= Once per week; 6= Twice per week; 7= 3-4 times per week; 8= 5-6 times per week; 9= Every day,
V00FFQSZ58,ffqsz58,Nutrition,Integer,Ordinal,,Recommended,"Cookies (Not Low Fat), How Many Each Time",1::4,1= 1-2; 2= 3-5; 3= 6-7; 4= 8+; Blank = Missing Form/Incomplete Workbook,
V00FFQ59,ffq59,Nutrition,Integer,Ordinal,,Recommended,"Ice Cream/Frozen Yogurt/Ice Cream Bars, Eat How Often, Past 12 Months",1::9,1= Never; 2= A few times per year; 3= Once per month; 4= 2-3 times per month; 5= Once per week; 6= Twice per week; 7= 3-4 times per week; 8= 5-6 times per week; 9= Every day,
V00FFQSZ59,ffqsz59,Nutrition,Integer,Ordinal,,Recommended,"Ice Cream/Frozen Yogurt/Ice Cream Bars, How Much Each Time",1::4,1=A (1/4 cup of food); 2=B (1/2 cup of food); 3= C (1 cup of food); 4= D(2 cups of food); Blank = Missing Form/Incomplete Workbook,
V00FFQ60,ffq60,Nutrition,Integer,Ordinal,,Recommended,"Ice Cream/Frozen Yogurt, When Eat Is It...",1::3,1 = Usually low-fat; 2 = Sometimes low-fat; 3 = Rarely low-fat; Blank = Missing Form/Incomplete Workbook,
V00FFQ61,ffq61,Nutrition,Integer,Ordinal,,Recommended,"Chocolate Candy/Candy Bars, Eat How Often, Past 12 Months",1::9,1= Never; 2= A few times per year; 3= Once per month; 4= 2-3 times per month; 5= Once per week; 6= Twice per week; 7= 3-4 times per week; 8= 5-6 times per week; 9= Every day,
V00FFQSZ61,ffqsz61,Nutrition,Integer,Ordinal,,Recommended,"Chocolate Candy/Candy Bars, How Many Bars Each Time",1::4,1= 1 small; 2= 1 medium; 3= 1 large; 4= 2 large; Blank = Missing Form/Incomplete Workbook,
V00FFQ62,ffq62,Nutrition,Integer,Ordinal,,Recommended,"Real Orange Or Grapefruit Juice/Welch'S Grape Juice/Minutemaid Juices/Juicy Juice, Drink How Often, Past 12 Months",1::9,1= Never; 2= A few times per year; 3= Once per month; 4= 2-3 times per month; 5= Once per week; 6= Twice per week; 7= 3-4 times per week; 8= 5-6 times per week; 9= Every day,
V00FFQSZ62,ffqsz62,Nutrition,Integer,Ordinal,,Recommended,"Real Orange Or Grapefruit Juice/Welch's Grape Juice/Minutemaid Juices/Juicy Juice, How Many Glasses Each Time",1::4,1 = 1; 2 = 2; 3 = 3; 4 = 4; Blank = Missing Form/Incomplete Workbook,
V00FFQ63,ffq63,Nutrition,Integer,Ordinal,,Recommended,"Hawaiian Punch/Sunny Delight/Hi-C/Tang/Ocean Spray Juices, Drink How Often, Past 12 Months",1::9,1= Never; 2= A few times per year; 3= Once per month; 4= 2-3 times per month; 5= Once per week; 6= Twice per week; 7= 3-4 times per week; 8= 5-6 times per week; 9= Every day,
V00FFQSZ63,ffqsz63,Nutrition,Integer,Ordinal,,Recommended,"Hawaiian Punch/Sunny Delight/Hi-C/Tang/Ocean Spray Juices, How Many Glasses Each Time",1::4,1 = 1; 2 = 2; 3 = 3; 4 = 4; Blank = Missing Form/Incomplete Workbook,
V00FFQ64,ffq64,Nutrition,Integer,Ordinal,,Recommended,"Kool Aid/Capri Sun/Knudsen Juices, Drink How Often, Past 12 Months",1::9,1= Never; 2= A few times per year; 3= Once per month; 4= 2-3 times per month; 5= Once per week; 6= Twice per week; 7= 3-4 times per week; 8= 5-6 times per week; 9= Every day,
V00FFQSZ64,ffqsz64,Nutrition,Integer,Ordinal,,Recommended,"Kool Aid/Capri Sun/Knudsen Juices, How Many Glasses Each Time",1::4,1 = 1; 2 = 2; 3 = 3; 4 = 4; Blank = Missing Form/Incomplete Workbook,
V00FFQ65,ffq65,Nutrition,Integer,Ordinal,,Recommended,"Instant Breakfast Milkshakes, Diet Shakes, Or Liquid Supplements, Drink How Often, Past 12 Months",1::9,1= Never; 2= A few times per year; 3= Once per month; 4= 2-3 times per month; 5= Once per week; 6= Twice per week; 7= 3-4 times per week; 8= 5-6 times per week; 9= Every day,
V00FFQSZ65,ffqsz65,Nutrition,Integer,Ordinal,,Recommended,"Instant Breakfast Milkshakes, Diet Shakes, Or Liquid Supplements, How Many Glasses Or Cans Each Time",1::4,1 = 1; 2 = 2; 3 = 3; 4 = 4; Blank = Missing Form/Incomplete Workbook,
V00FFQ66,ffq66,Nutrition,Integer,Ordinal,,Recommended,"Glasses Of Milk (Any Kind), Drink How Often, Past 12 Months",1::9,1= Never; 2= A few times per year; 3= Once per month; 4= 2-3 times per month; 5= Once per week; 6= Twice per week; 7= 3-4 times per week; 8= 5-6 times per week; 9= Every day,
V00FFQSZ66,ffqsz66,Nutrition,Integer,Ordinal,,Recommended,"Milk (Any Kind), How Many Glasses Each Time",1::4,1 = 1; 2 = 2; 3 = 3; 4 = 4; Blank = Missing Form/Incomplete Workbook,
V00FFQ67,ffq67,Nutrition,Integer,Nominal,,Recommended,"Glasses Of Milk, When Drink What Kind Usually Drink",1::7,1= whole milk; 2= reduced fat 2% milk; 3=low-fat 1% milk; 4=non-fat milk; 5=rice milk; 6=soy milk; 7=I don't drink milk or soy milk,
V00FFQ68,ffq68,Nutrition,Integer,Ordinal,,Recommended,"Cream/Half And Half/Non-Dairy Creamer In Coffee Or Tea, Drink How Often, Past 12 Months",1::9,1= Never; 2= A few times per year; 3= Once per month; 4= 2-3 times per month; 5= Once per week; 6= Twice per week; 7= 3-4 times per week; 8= 5-6 times per week; 9= Every day,
V00FFQSZ68,ffqsz68,Nutrition,Integer,Ordinal,,Recommended,"Cream/Half And Half/Non-Dairy Creamer In Coffee Or Tea, Total Tbsp On Those Days",1::4,1= 1; 2= 2; 3= 3-4; 4= 5+; Blank = Missing Form/Incomplete Workbook,
V00FFQ69,ffq69,Nutrition,Integer,Ordinal,,Recommended,"Regular Soft Drinks/Bottled Drinks Like Snapple (Not Diet Drinks), Drink How Often, Past 12 Months",1::9,1= Never; 2= A few times per year; 3= Once per month; 4= 2-3 times per month; 5= Once per week; 6= Twice per week; 7= 3-4 times per week; 8= 5-6 times per week; 9= Every day,
V00FFQSZ69,ffqsz69,Nutrition,Integer,Ordinal,,Recommended,"Regular Soft Drinks/Bottled Drinks (Not Diet Drinks), How Many Bottles Or Cans Each Time",1::4,1= 1; 2= 2; 3= 3-4; 4= 5+; Blank = Missing Form/Incomplete Workbook,
V00FFQ70,ffq70,Nutrition,Integer,Ordinal,,Recommended,"Beer, Drink How Often, Past 12 Months",1::9,1= Never; 2= A few times per year; 3= Once per month; 4= 2-3 times per month; 5= Once per week; 6= Twice per week; 7= 3-4 times per week; 8= 5-6 times per week; 9= Every day,
V00FFQSZ70,ffqsz70,Nutrition,Integer,Ordinal,,Recommended,"Beer, How Many Bottles Or Cans Each Time",1::4,1= 1; 2= 2; 3= 3-4; 4= 5+; Blank = Missing Form/Incomplete Workbook,
V00FFQ71,ffq71,Nutrition,Integer,Ordinal,,Recommended,"Wine/Wine Coolers, Drink How Often, Past 12 Months",1::9,1= Never; 2= A few times per year; 3= Once per month; 4= 2-3 times per month; 5= Once per week; 6= Twice per week; 7= 3-4 times per week; 8= 5-6 times per week; 9= Every day,
V00FFQ72,ffq72,Nutrition,Integer,Ordinal,,Recommended,"Liquor/Mixed Drinks, Drink How Often, Past 12 Months",1::9,1= Never; 2= A few times per year; 3= Once per month; 4= 2-3 times per month; 5= Once per week; 6= Twice per week; 7= 3-4 times per week; 8= 5-6 times per week; 9= Every day,
V00FFQ73,ffq73,Nutrition,Integer,Binary,,Recommended,"Vitamins/Minerals, Taken Regularly (At Least Once Per Month), Past 12 Months",0;1,"0=No, not regularly; 1=Yes, fairly regularly",
V00FFQYR74,ffqyr74,Nutrition,Integer,Ordinal,,Recommended,"Regular Once-A-Day/Centrum/Thera Type Multivitamins, How Many Years",1::6,1= Less than 1 year; 2= 1 Year; 3= 2 Years; 4= 3-4 Years; 5= 5-9 Years; 6= 10+ Years,
V00FFQYR75,ffqyr75,Nutrition,Integer,Ordinal,,Recommended,"Stress-Tabs/B-Complex Type Multivitamins, How Many Years",1::6,1= Less than 1 year; 2= 1 Year; 3= 2 Years; 4= 3-4 Years; 5= 5-9 Years; 6= 10+ Years,
V00FFQYR76,ffqyr76,Nutrition,Integer,Ordinal,,Recommended,"Antioxidant Combination Type Multivitamins, How Many Years",1::6,1= Less than 1 year; 2= 1 Year; 3= 2 Years; 4= 3-4 Years; 5= 5-9 Years; 6= 10+ Years,
V00FFQYR77,ffqyr77,Nutrition,Integer,Ordinal,,Recommended,"Vitamin A (Not Beta-Carotene) Single Vitamins, How Many Years",1::6,1= Less than 1 year; 2= 1 Year; 3= 2 Years; 4= 3-4 Years; 5= 5-9 Years; 6= 10+ Years,
V00FFQYR78,ffqyr78,Nutrition,Integer,Ordinal,,Recommended,"Beta-Carotene Single Vitamin, How Many Years",1::6,1= Less than 1 year; 2= 1 Year; 3= 2 Years; 4= 3-4 Years; 5= 5-9 Years; 6= 10+ Years,
V00FFQYR79,ffqyr79,Nutrition,Integer,Ordinal,,Recommended,"Vitamin C Single Vitamin, How Many Years",1::6,1= Less than 1 year; 2= 1 Year; 3= 2 Years; 4= 3-4 Years; 5= 5-9 Years; 6= 10+ Years,
V00FFQYR80,ffqyr80,Nutrition,Integer,Ordinal,,Recommended,"Vitamin E Single Vitamin, How Many Years",1::6,1= Less than 1 year; 2= 1 Year; 3= 2 Years; 4= 3-4 Years; 5= 5-9 Years; 6= 10+ Years,
V00FFQYR81,ffqyr81,Nutrition,Integer,Ordinal,,Recommended,"Folic Acid, Folate Single Vitamin, How Many Years",1::6,1= Less than 1 year; 2= 1 Year; 3= 2 Years; 4= 3-4 Years; 5= 5-9 Years; 6= 10+ Years,
V00FFQYR82,ffqyr82,Nutrition,Integer,Ordinal,,Recommended,"Calcium/Tums (Alone Or Combined With Vitamin D Or Magnesium), How Many Years",1::6,1= Less than 1 year; 2= 1 Year; 3= 2 Years; 4= 3-4 Years; 5= 5-9 Years; 6= 10+ Years,
V00FFQYR83,ffqyr83,Nutrition,Integer,Ordinal,,Recommended,"Zinc Alone, How Many Years",1::6,1= Less than 1 year; 2= 1 Year; 3= 2 Years; 4= 3-4 Years; 5= 5-9 Years; 6= 10+ Years,
V00FFQYR84,ffqyr84,Nutrition,Integer,Ordinal,,Recommended,"Iron Alone, How Many Years",1::6,1= Less than 1 year; 2= 1 Year; 3= 2 Years; 4= 3-4 Years; 5= 5-9 Years; 6= 10+ Years,
V00FFQYR85,ffqyr85,Nutrition,Integer,Ordinal,,Recommended,"Selenium Alone, How Many Years",1::6,1= Less than 1 year; 2= 1 Year; 3= 2 Years; 4= 3-4 Years; 5= 5-9 Years; 6= 10+ Years,
V00FFQYR86,ffqyr86,Nutrition,Integer,Ordinal,,Recommended,"Vitamin D, Alone Or With Calcium, How Many Years",1::6,1= Less than 1 year; 2= 1 Year; 3= 2 Years; 4= 3-4 Years; 5= 5-9 Years; 6= 10+ Years,
V00FFQ87,ffq87,Nutrition,Integer,Ordinal,,Recommended,"Vitamin C, If Took How Many Milligrams Usually Take On Days Taken, Past 12 Months",1::8,1=100;2=250; 3=500;4=750; 5=1000;6=1500; 7=2000;8=3000+,
V00FFQ88,ffq88,Nutrition,Integer,Ordinal,,Recommended,"Vitamin D, if took how many IUs usually take on days taken, past 12 months",1::8,1=100;2=200; 3=300;4=400; 5=600;6=800; 7=1000;8=2000+,
V00FFQ89,ffq89,Nutrition,Integer,Ordinal,,Recommended,"Vitamin E, If Took How Many Ius Usually Take On Days Taken, Past 12 Months",1::8,1=100;2=200; 3=300;4=400; 5=600;6=800; 7=1000;8=2000+,
V00VIT1,vit1,Nutrition,Integer,Binary,,Recommended,"Once-A-Day/Centrum/Thera Type Multiple Vitamins, Taken Past 30 Days",0;1,0=No; 1=Yes,
V00VIT2,vit2,Nutrition,Integer,Binary,,Recommended,"Stress-Tabs/B-Complex Type Multiple Vitamins, Taken Past 30 Days",0;1,0=No; 1=Yes,
V00VIT3,vit3,Nutrition,Integer,Binary,,Recommended,"Antioxidant Combination Type Multiple Vitamins, Taken Past 30 Days",0;1,0=No; 1=Yes,
V00VIT4,vit4,Nutrition,Integer,Binary,,Recommended,"Vitamin A (Not Beta-Carotene) Single Vitamin, Taken Past 30 Days",0;1,0=No; 1=Yes,
V00VIT5,vit5,Nutrition,Integer,Binary,,Recommended,"Beta-Carotene Single Vitamin, Taken Past 30 Days",0;1,0=No; 1=Yes,
V00VIT6,vit6,Nutrition,Integer,Binary,,Recommended,"Vitamin C Single Vitamin, Taken Past 30 Days",0;1,0=No; 1=Yes,
V00VIT7,vit7,Nutrition,Integer,Binary,,Recommended,"Vitamin E Single Vitamin, Taken Past 30 Days",0;1,0=No; 1=Yes,
V00VIT8,vit8,Nutrition,Integer,Binary,,Recommended,"Folic Acid, Folate Single Vitamin, Taken Past 30 Days",0;1,0=No; 1=Yes,
V00VIT9,vit9,Nutrition,Integer,Binary,,Recommended,"Calcium Or Tums (Alone Or Combined With Vitamin D Or Magnesium), Taken Past 30 Days",0;1,0=No; 1=Yes,
V00VIT10,vit10,Nutrition,Integer,Binary,,Recommended,"Zinc Alone, Taken Past 30 Days",0;1,0=No; 1=Yes,
V00VIT11,vit11,Nutrition,Integer,Binary,,Recommended,"Iron Alone, Taken Past 30 Days",0;1,0=No; 1=Yes,
V00VIT12,vit12,Nutrition,Integer,Binary,,Recommended,"Selenium Alone, Taken Past 30 Days",0;1,0=No; 1=Yes,
V00VIT13,vit13,Nutrition,Integer,Binary,,Recommended,"Vitamin D (Alone Or Combined With Calcium), Taken Past 30 Days",0;1,0=No; 1=Yes,
V00FFQ90,ffq90,Nutrition,Integer,Ordinal,,Recommended,"Fat Or Oil, How Often Use In Cooking",1::8,1= Less than once per week; 3= A few times per week; 5= Once a day; 7= Twice a day; 8= 3+ per day,
V00FFQ91,ffq91,Nutrition,Integer,Binary,,Recommended,"Fat Or Oil Usually Use In Cooking, Pam",0;1,0=No; 1=Yes; Blank = Missing Form/Incomplete Workbook,
V00FFQ92,ffq92,Nutrition,Integer,Binary,,Recommended,"Fat Or Oil Usually Use In Cooking, Stick Margarine",0;1,0=No; 1=Yes; Blank = Missing Form/Incomplete Workbook,
V00FFQ93,ffq93,Nutrition,Integer,Binary,,Recommended,"Fat Or Oil Usually Use In Cooking, Soft Tub Margarine",0;1,0=No; 1=Yes; Blank = Missing Form/Incomplete Workbook,
V00FFQ94,ffq94,Nutrition,Integer,Binary,,Recommended,"Fat Or Oil Usually Use In Cooking, Butter",0;1,0=No; 1=Yes; Blank = Missing Form/Incomplete Workbook,
V00FFQ95,ffq95,Nutrition,Integer,Binary,,Recommended,"Fat Or Oil Usually Use In Cooking, Butter/Margarine Blend",0;1,0=No; 1=Yes; Blank = Missing Form/Incomplete Workbook,
V00FFQ96,ffq96,Nutrition,Integer,Binary,,Recommended,"Fat Or Oil Usually Use In Cooking, Low-Fat Margarine",0;1,0=No; 1=Yes; Blank = Missing Form/Incomplete Workbook,
V00FFQ97,ffq97,Nutrition,Integer,Binary,,Recommended,"Fat Or Oil Usually Use In Cooking, Corn Oil/Vegetable Oil",0;1,0=No; 1=Yes; Blank = Missing Form/Incomplete Workbook,
V00FFQ98,ffq98,Nutrition,Integer,Binary,,Recommended,"Fat Or Oil Usually Use In Cooking, Olive Oil/Canola Oil",0;1,0=No; 1=Yes; Blank = Missing Form/Incomplete Workbook,
V00FFQ99,ffq99,Nutrition,Integer,Binary,,Recommended,"Fat Or Oil Usually Use In Cooking, Lard/Fatback/Bacon Fat",0;1,0=No; 1=Yes; Blank = Missing Form/Incomplete Workbook,
V00FFQ100,ffq100,Nutrition,Integer,Binary,,Recommended,"Fat Or Oil Usually Use In Cooking, Crisco",0;1,0=No; 1=Yes; Blank = Missing Form/Incomplete Workbook,
V00FFQ101,ffq101,Nutrition,Integer,Binary,,Recommended,"Fat Or Oil Usually Use In Cooking, Don't Know",0;1,0=No; 1=Yes; Blank = Missing Form/Incomplete Workbook,
V00FFQ102,ffq102,Nutrition,Integer,Binary,,Recommended,Do Not Use Fat Or Oil In Cooking,0;1,0=No; 1=Yes; Blank = Missing Form/Incomplete Workbook,
V00MVIT1CV,mvit1cv,Nutrition,Integer,Ordinal,,Recommended,"Regular Once- A- Day, Centrum Or Thera Type Multivitamins, How Often Past 12 Months",0::5,0=No vitamins/minerals taken in past year; 1= Didn't take; 2= A few days per month; 3= 4-6 days per week; 4= Every day; 5= 1-3 days per week; Blank = Missing Form/Incomplete Workbook,
V00STRTBCV,strtbcv,Nutrition,Integer,Ordinal,,Recommended,"Stress- Tabs Or B- Complex Type Multivitamins, How Often Past 12 Months",0::5,0=No vitamins/minerals taken in past year; 1= Didn't take; 2= A few days per month; 3= 4-6 days per week; 4= Every day; 5= 1-3 days per week,
V00ANTOXCV,antoxcv,Nutrition,Integer,Ordinal,,Recommended,"Antioxidant Combination Type Multivitamins, How Often Past 12 Months",0::5,0=No vitamins/minerals taken in past year; 1= Didn't take; 2= A few days per month; 3= 4-6 days per week; 4= Every day; 5= 1-3 days per week; Blank = Missing Form/Incomplete Workbook,
V00VITACV,vitacv,Nutrition,Integer,Ordinal,,Recommended,"Vitamin A (Not Beta- Carotene) Single Vitamin, How Often Past 12 Months",0::5,0=No vitamins/minerals taken in past year; 1= Didn't take; 2= A few days per month; 3= 4-6 days per week; 4= Every day; 5= 1-3 days per week,
V00BCARCV,bcarcv,Nutrition,Integer,Ordinal,,Recommended,"Beta-Carotene Single Vitamin, How Often Past 12 Months",0::5,0=No vitamins/minerals taken in past year; 1= Didn't take; 2= A few days per month; 3= 4-6 days per week; 4= Every day; 5= 1-3 days per week; Blank = Missing Form/Incomplete Workbook,
V00VITECV,vitecv,Nutrition,Integer,Ordinal,,Recommended,"Vitamin E Single Vitamin, How Often Past 12 Months",0::5,0=No vitamins/minerals taken in past year; 1= Didn't take; 2= A few days per month; 3= 4-6 days per week; 4= Every day; 5= 1-3 days per week,
V00FOLATCV,folatcv,Nutrition,Integer,Ordinal,,Recommended,"Folic Acid, Folate Single Vitamin, How Often Past 12 Months",0::5,0=No vitamins/minerals taken in past year; 1= Didn't take; 2= A few days per month; 3= 4-6 days per week; 4= Every day; 5= 1-3 days per week; Blank = Missing Form/Incomplete Workbook,
V00CALCMCV,calcmcv,Nutrition,Integer,Ordinal,,Recommended,"Calcium/Tums (Alone Or Combined With Vitamin D Or Magnesium), How Often Past 12 Months",0::5,0=No vitamins/minerals taken in past year; 1= Didn't take; 2= A few days per month; 3= 4-6 days per week; 4= Every day; 5= 1-3 days per week; Blank = Missing Form/Incomplete Workbook,
V00ZINCCV,zinccv,Nutrition,Integer,Ordinal,,Recommended,"Zinc Alone, How Often Past 12 Months",0::5,0=No vitamins/minerals taken in past year; 1= Didn't take; 2= A few days per month; 3= 4-6 days per week; 4= Every day; 5= 1-3 days per week; Blank = Missing Form/Incomplete Workbook,
V00IRONCV,ironcv,Nutrition,Integer,Ordinal,,Recommended,"Iron Alone, How Often Past 12 Months",0::5,0=No vitamins/minerals taken in past year; 1= Didn't take; 2= A few days per month; 3= 4-6 days per week; 4= Every day; 5= 1-3 days per week; Blank = Missing Form/Incomplete Workbook,
V00SLNMCV,slnmcv,Nutrition,Integer,Ordinal,,Recommended,"Selenium Alone, How Often Past 12 Months",0::5,0=No vitamins/minerals taken in past year; 1= Didn't take; 2= A few days per month; 3= 4-6 days per week; 4= Every day; 5= 1-3 days per week; Blank = Missing Form/Incomplete Workbook,
V00VITDCV,vitdcv,Nutrition,Integer,Ordinal,,Recommended,"Vitamin D, Alone Or With Calcium, How Often Past 12 Months",0::5,0=No vitamins/minerals taken in past year; 1= Didn't take; 2= A few days per month; 3= 4-6 days per week; 4= Every day; 5= 1-3 days per week,
V00VITCCV,vitccv,Nutrition,Integer,Ordinal,,Recommended,"Vitamin C Single Vitamin, How Often Past 12 Months",0::5,0=No vitamins/minerals taken in past year; 1= Didn't take; 2= A few days per month; 3= 4-6 days per week; 4= Every day; 5= 1-3 days per week,
V00DTDFIB,dtdfib,Nutrition,Float,Continuous,,Recommended,"Daily Nutrients From Food, Total Dietary Fiber (G)",,,
V00SUPVITD,supvitd,Nutrition,Float,Continuous,,Recommended,"Average Daily Nutrients From Vitamin Supplements, Vitamin D (Iu)",,,
V00FIBVGFR,fibvgfr,Nutrition,Float,Continuous,,Recommended,Daily Dietary Fiber From Vegetables And Fruits (G),,,
V00SUPB12,supb12,Nutrition,Float,Continuous,,Recommended,"Average Daily Nutrients From Vitamin Supplements, B12 (Ug)",,,
V00DTCAFFN,dtcaffn,Nutrition,Float,Continuous,,Recommended,"Daily Nutrients From Food, Caffeine (Mg)",,,
V00SRVFAT,srvfat,Nutrition,Float,Continuous,,Recommended,"Daily Servings Of Fats, Oils, Sweets",,,
V00DTAIU,dtaiu,Nutrition,Float,Continuous,,Recommended,"Daily Nutrients From Food, Vitamin A (Iu)",,,
V00DTCHOL,dtchol,Nutrition,Float,Continuous,,Recommended,"Daily Nutrients From Food, Cholesterol (Mg)",,,
V00PCTCOL1,pctcol1,Nutrition,Float,Continuous,,Recommended,"Error Flag, Percent Of Foods Marked As Never",,,
V00DTPHOS,dtphos,Nutrition,Float,Continuous,,Recommended,"Daily Nutrients From Food, Phosphorus (Mg)",,,
V00DTVITC,dtvitc,Nutrition,Float,Continuous,,Recommended,"Daily Nutrients From Food, Vitamin C (Mg)",,,
V00DTB1,dtb1,Nutrition,Float,Continuous,,Recommended,"Daily Nutrients From Food, Thiamin (B1) (Mg)",,,
V00PCTXLS,pctxls,Nutrition,Float,Continuous,,Recommended,"Error Flag, Percent Of Foods Marked As Extra Large Portion",,,
V00SUPB2,supb2,Nutrition,Float,Continuous,,Recommended,"Average Daily Nutrients From Vitamin Supplements, B2 (Mg)",,,
V00PCTCOL9,pctcol9,Nutrition,Float,Continuous,,Recommended,"Error Flag, Percent Of Foods Marked As Every Day",,,
V00DTVITK,dtvitk,Nutrition,Float,Continuous,,Recommended,"Daily Nutrients From Food, Vitamin K(Ug)",,,
V00DTRET,dtret,Nutrition,Float,Continuous,,Recommended,"Daily Nutrients From Food, Retinol (Preformed Vitamin A, Ug)",,,
V00SUPVITE,supvite,Nutrition,Float,Continuous,,Recommended,"Average Daily Nutrients From Vitamin Supplements, Vitamin E (A-Te)",,,
V00SUPNIAC,supniac,Nutrition,Float,Continuous,,Recommended,"Average Daily Nutrients From Vitamin Supplements, Niacin (Mg)",,,
V00DTANZN,dtanzn,Nutrition,Float,Continuous,,Recommended,"Daily Nutrients From Food, Zinc From Animal Sources (Mg)",,,
V00DTLUT,dtlut,Nutrition,Float,Continuous,,Recommended,"Daily Nutrients From Food, Lutein Carotenoid",,,
V00BAPFAT,bapfat,Nutrition,Float,Continuous,,Recommended,"Daily % Of Calories From Fat, Alcoholic Beverages Excluded From Denominator (Kcal)",,,
V00PCTCARB,pctcarb,Nutrition,Float,Continuous,,Recommended,Daily Percent Of Calories From Carbohydrate (Kcal),,,
V00PCTSWT,pctswt,Nutrition,Float,Continuous,,Recommended,"Daily Percent Of Calories From Sweets, Desserts (Kcal)",,,
V00DTACAR,dtacar,Nutrition,Float,Continuous,,Recommended,"Daily Nutrients From Food, Alpha-Carotene (Ug)",,,
V00SUPCA,supca,Nutrition,Float,Continuous,,Recommended,"Average Daily Nutrients From Vitamin Supplements, Calcium (Mg)",,,
V00SRVGRN,srvgrn,Nutrition,Float,Continuous,,Recommended,"Daily Servings Of Bread, Cereals,",,,
V00SRVFRT,srvfrt,Nutrition,Float,Continuous,,Recommended,Daily Servings Of Fruits And Fruit,,,
V00SUPFOL,supfol,Nutrition,Float,Continuous,,Recommended,"Average Daily Nutrients From Vitamin Supplements, Folate (Mcg)",,,
V00DTBCAR,dtbcar,Nutrition,Float,Continuous,,Recommended,"Daily Nutrients From Food, Beta-Carotene (Ug)",,,
V00DTPROT,dtprot,Nutrition,Float,Continuous,,Recommended,"Daily Nutrients From Food, Protein",,,
V00NWARNS,nwarns,Nutrition,Integer,Continuous,,Recommended,"Error Flag, How Many Warnings Were Applied",,,
V00DTPOTA,dtpota,Nutrition,Float,Continuous,,Recommended,"Daily Nutrients From Food, Potassium (Mg)",,,
V00DTSFAT,dtsfat,Nutrition,Float,Continuous,,Recommended,"Daily Nutrients From Food, Saturated Fat (G)",,,
V00SUPVITC,supvitc,Nutrition,Float,Continuous,,Recommended,"Average Daily Nutrients Supplements From Vitamin Supplements, Vitamin C (Mg)",,,
V00DTOLEC,dtolec,Nutrition,Float,Continuous,,Recommended,"Daily Nutrients From Food, Monounsaturated Fat (G)",,,
V00SUPBCAR,supbcar,Nutrition,Float,Continuous,,Recommended,"Average Daily Nutrients From Vitamin Supplements, Beta-Carotene (Ug)",,,
V00DTKCAL,dtkcal,Nutrition,Float,Continuous,,Recommended,"Daily Nutrients From Food, Calories (Kcal)",,,
V00BAPPROT,bapprot,Nutrition,Float,Continuous,,Recommended,"Daily % Of Calories From Protein, Alcoholic Beverages Excluded From Denominator (Kcal)",,,
V00BAPCARB,bapcarb,Nutrition,Float,Continuous,,Recommended,"Daily % Of Calories From Carbohydrate, Alcoholic Beverages Excluded From",,,
V00SUPVITA,supvita,Nutrition,Float,Continuous,,Recommended,"Average Daily Nutrients From Vitamin Supplements, Vitamin A (Iu)",,,
V00SUPB6,supb6,Nutrition,Float,Continuous,,Recommended,"Average Daily Nutrients From From Vitamin Supplements, B6 (Mg)",,,
V00NFDSDAY,nfdsday,Nutrition,Float,Continuous,,Recommended,"Error Flag, Number Of Solid Foods Consumed Per Day",,,
V00DTNIAC,dtniac,Nutrition,Float,Continuous,,Recommended,"Daily Nutrients From Food, Niacin (Mg)",,,
V00FIBBEAN,fibbean,Nutrition,Float,Continuous,,Recommended,Daily Dietary Fiber From Beans (G),,,
V00DTNA,dtna,Nutrition,Float,Continuous,,Recommended,"Daily Nutrients From Food, Sodium (Mg)",,,
V00DTARE,dtare,Nutrition,Float,Continuous,,Recommended,"Daily Nutrients From Food, Vitamin A (Retinol)",,,
V00DTLYC,dtlyc,Nutrition,Float,Continuous,,Recommended,"Daily Nutrients From Food, Lycopene (Carotenoid) (Ug)",,,
V00DTFAT,dtfat,Nutrition,Float,Continuous,,Recommended,"Daily Nutrients From Food, Total Fat (G)",,,
V00PCTSMAL,pctsmal,Nutrition,Float,Continuous,,Recommended,"Error Flag, Percent Of Foods Marked As Small Portion",,,
V00SUPFE,supfe,Nutrition,Float,Continuous,,Recommended,"Average Daily Nutrients From Vitamin Supplements, Iron (Mg)",,,
V00SUPCU,supcu,Nutrition,Float,Continuous,,Recommended,"Average Daily Nutrients From Vitamin Supplements, Copper (Mg)",,,
V00DTB12,dtb12,Nutrition,Float,Continuous,,Recommended,"Daily Nutrients From Food, Vitamin B12 (Ug)",,,
V00DTGEN,dtgen,Nutrition,Float,Continuous,,Recommended,"Daily Nutrients From Food, Folate (Mcg)",,,
V00DTMETH,dtmeth,Nutrition,Float,Continuous,,Recommended,"Daily Nutrients From Food, Methionine (Mg)",,,
V00SUPZINC,supzinc,Nutrition,Float,Continuous,,Recommended,"Average Daily Nutrients From Vitamin Supplements, Zinc (Mg)",,,
V00SRVVEG,srvveg,Nutrition,Float,Continuous,,Recommended,Daily Servings Of Vegetables,,,
V00DTCALC,dtcalc,Nutrition,Float,Continuous,,Recommended,"Daily Nutrients From Food, Calcium (Mg)",,,
V00SUPMG,supmg,Nutrition,Float,Continuous,,Recommended,"Average Daily Nutrients From Vitamin Supplements, Magnesium (Mg)",,,
V00DTDAID,dtdaid,Nutrition,Float,Continuous,,Recommended,"Daily Nutrients From Food, Daidzein (Ug)",,,
V00SRVMEAT,srvmeat,Nutrition,Float,Continuous,,Recommended,"Daily Servings Of Meat, Fish, Poultry, Beans And Eggs",,,
V00DTFE,dtfe,Nutrition,Float,Continuous,,Recommended,"Daily Nutrients From Food, Iron",,,
V00FIBGRN,fibgrn,Nutrition,Float,Continuous,,Recommended,Daily Dietary Fiber From Grains,,,
V00DTCYST,dtcyst,Nutrition,Float,Continuous,,Recommended,"Daily Nutrients From Food, Cysteine (Mg)",,,
V00DTSF,dtsf,Nutrition,Float,Continuous,,Recommended,"Grams Of Solid Food (G), Per Week",,,
V00PCTPROT,pctprot,Nutrition,Float,Continuous,,Recommended,Daily Percent Of Calories From Protein (Kcal),,,
V00SRVDRY,srvdry,Nutrition,Float,Continuous,,Recommended,"Daily Servings Of Milk, Yogurt And Cheese",,,
V00DTB6,dtb6,Nutrition,Float,Continuous,,Recommended,"Daily Nutrients From Food, Vitamin B6 (Mg)",,,
V00SUPB1,supb1,Nutrition,Float,Continuous,,Recommended,"Average Daily Nutrients From Vitamin Supplements, B1 (Mg)",,,
V00SUPSE,supse,Nutrition,Float,Continuous,,Recommended,"Average Daily Nutrients From Vitamin Supplements, Selenium (Mcg)",,,
V00DTMG,dtmg,Nutrition,Float,Continuous,,Recommended,"Daily Nutrients From Food, Magnesium (Mg)",,,
V00PCTFAT,pctfat,Nutrition,Float,Continuous,,Recommended,Daily Percent Of Calories From Fat (Kcal),,,
V00DTVITD,dtvitd,Nutrition,Float,Continuous,,Recommended,"Daily Nutrients From Food, Vitamin D (Iu)",,,
V00DTPROA,dtproa,Nutrition,Float,Continuous,,Recommended,"Daily Nutrients From Food, Carotene, Provitamin A Carotenoids (Ug)",,,
V00DTCARB,dtcarb,Nutrition,Float,Continuous,,Recommended,"Daily Nutrients From Food, Carbohydrate (G)",,,
V00PCTALCH,pctalch,Nutrition,Float,Continuous,,Recommended,Daily Percent Of Calories From From Alcoholic Beverages (Kcal),,,
V00DTFOL,dtfol,Nutrition,Float,Continuous,,Recommended,"Daily Nutrients From Food, Folate (Mcg)",,,
V00DTLIN,dtlin,Nutrition,Float,Continuous,,Recommended,"Daily Nutrients From Food, Polyunsaturated Fat (G)",,,
V00PCTLARG,pctlarg,Nutrition,Float,Continuous,,Recommended,"Error Flag, Percent Of Foods Marked As Large Portion",,,
V00DTVITE,dtvite,Nutrition,Float,Continuous,,Recommended,"Daily Nutrients From Food, Vitamin E A-Te",,,
V00NNOSERV,nnoserv,Nutrition,Float,Continuous,,Recommended,"Error Flag, Number Of Food Items With Serving Size Omitted",,,
V00NSKIP,nskip,Nutrition,Float,Continuous,,Recommended,"Error Flag, Number Of Food Items Skipped",,,
V00DTCRYP,dtcryp,Nutrition,Float,Continuous,,Recommended,"Daily Nutrients From Food, Cryptoxanthin (Carotenoid) (Ug)",,,
V00PCTMEDS,pctmeds,Nutrition,Float,Continuous,,Recommended,"Error Flag, Percent Of Foods Marked As Medium Portion",,,
V00DTRIBO,dtribo,Nutrition,Float,Continuous,,Recommended,"Daily Nutrients From Food, Riboflavin (B2) (Mg)",,,
V00NERRORS,nerrors,Nutrition,Integer,Count,,Recommended,"Error Flag, How Many Serious Errors Were Applied",,,
V00DTZINC,dtzinc,Nutrition,Float,Continuous,,Recommended,"Daily Nutrients From Food, Zinc",,,
V00FFQFLG5,ffqflg5,Nutrition,Integer,Binary,,Recommended,"Exclusion Criteria Flag, More Than 15% Of Questions Were Skipped",0;1,0=No; 1=Yes,
V00FFQFLG2,ffqflg2,Nutrition,Integer,Binary,,Recommended,"Exclusion Criteria Flag, Kcal Less",0;1,0=No; 1=Yes,
V00FFQFLG1,ffqflg1,Nutrition,Integer,Binary,,Recommended,"Exclusion Criteria Flag, Kcal",0;1,0=No; 1=Yes,
V00FFQFLG4,ffqflg4,Nutrition,Integer,Binary,,Recommended,"Exclusion Criteria Flag, Kcals",0;1,0=No; 1=Yes,
V00FFQFLG3,ffqflg3,Nutrition,Integer,Binary,,Recommended,"Exclusion Criteria Flag, Kcals Greater Than 2 Standard Deviations From The Mean",0;1,0=No; 1=Yes,
V00FFQSZW,ffqszw,Nutrition,Integer,Ordinal,,Recommended,"Wine/Wine Coolers, How Many Glasses Each Time",1::3,1=1; 2=2; 3=3+; Blank = Missing Form/Incomplete Workbook,
V00FFQSZL,ffqszl,Nutrition,Integer,Ordinal,,Recommended,"Liquor/Mixed Drinks, How Many Drinks Each Time",1::3,1=1; 2=2; 3=3+; Blank = Missing Form/Incomplete Workbook,
P01STFID2,stfid2,Medical History,String,Unknown,5,Recommended,Height (standing): staff ID#,,,
P01STFID1,stfid1,Medical History,String,Unknown,5,Recommended,Weight: staff ID,,,
P01HESTFID,hestfid,Medical History,String,Unknown,5,Recommended,Hand exam: staff ID #,,,
V00BPSTFID,bpstfid,Medical History,String,Unknown,5,Recommended,Blood pressure: staff ID #,,,
V00BPCFSZ,bpcfsz,Medical History,Integer,Ordinal,,Recommended,Blood pressure: what cuff size used,1::4,1= Small; 2= Regular; 3= Large; 4= X-large/Thigh,
V00BPARM,bparm,Medical History,Integer,Binary,,Recommended,Blood pressure: what arm used to take measurement,1;2,1=Right; 2= Left,
V00BPTERM,bpterm,Medical History,Integer,Binary,,Recommended,Blood pressure: was measurement terminated because MIL is >=300 mm Hg after second reading,0;1,0=No; 1=Yes,
V00BPSYS,bpsys,Medical History,Integer,Continuous,,Recommended,Blood pressure: systolic (mm Hg),,,
V00BPDIAS,bpdias,Medical History,Integer,Continuous,,Recommended,Blood pressure: diastolic (mm Hg),,,
V00RPSTFID,rpstfid,Medical History,String,Unknown,5,Recommended,Radial pulse: staff ID,,,
V00RPAVG,rpavg,Medical History,Integer,Continuous,,Recommended,Radial pulse: average beats per minute,,,
V00ACSTFID,acstfid,Medical History,String,Unknown,5,Recommended,Abdominal circumference: staff ID #,,,
V00MAXCIRC,maxcirc,Medical History,Integer,Binary,,Recommended,Abdominal circumference: was maximal circumference (greatest protuberance) below the measured circumference,0;1,0=No; 1=Yes,
V00SCSTFID,scstfid,Physical Function,String,Unknown,5,Recommended,Single chair stand: staff ID,,,
V00CSTSGL,cstsgl,Physical Function,Integer,Ordinal,,Recommended,Single chair stand,1::4,"1= Stands without using arms; 2= Stands using arms; 3= Attempted, unable to stand; 4= Not attempted, unable",
V00RCSTFID,rcstfid,Physical Function,String,Unknown,5,Recommended,Repeated chair stands: staff ID,,,
V00CSTREP1,cstrep1,Physical Function,Integer,Ordinal,,Recommended,Repeated chair stands: trial 1,1::4,"1= Completes 5 stands without using arms; 2= Stands using arms; 3= Attempted, unable to complete; 4= Not attempted, unable",
V00CSTIME1,cstime1,Physical Function,Float,Continuous,,Recommended,Repeated chair stands: trial 1 time (sec.hundredths/sec),,,
V00CSTNUM1,cstnum1,Physical Function,Integer,Ordinal,,Recommended,"Repeated chair stands: trial 1, number completed without using arms",0::4,0= Zero chair stands completed; 1= One chair stand completed; 2= Two chair stands completed; 3= Three chair stands completed; 4= Four chair stands completed,
V00CSTREP2,cstrep2,Physical Function,Integer,Ordinal,,Recommended,Repeated chair stands: trial 2,1::4,"1= Completes 5 stands without using arms; 2= Stands using arms; 3= Attempted, unable to complete; 4= Not attempted, unable",
V00CSTIME2,cstime2,Physical Function,Float,Continuous,,Recommended,Repeated chair stands: trial 2 time (sec.hundredths/sec),,,
V00CSTNUM2,cstnum2,Physical Function,Integer,Ordinal,,Recommended,"Repeated chair stands: trial 2, number completed without using arms",0::4,0= Zero chair stands completed; 1= One chair stand completed; 2= Two chair stands completed; 3= Three chair stands completed; 4= Four chair stands completed,
V00KIKBALL,kikball,Physical Function,Integer,Nominal,,Recommended,Isometric strength: which leg use to kick ball,1::3,1= Right; 2= Left; 3= Both,
V00EKRSR,ekrsr,Physical Function,Integer,Binary,,Recommended,"Isometric strength: right knee, ever had knee replacement surgery",0;1,0=No; 1=Yes,
V00RLLGTH,rllgth,Physical Function,Float,Continuous,,Recommended,Isometric strength: right leg length from transducer to joint line (cm),,,
V00RLBACK,rlback,Physical Function,Float,Continuous,,Recommended,"Isometric strength: right leg chair and transducer settings, back support (cm)",,,
V00RLARM,rlarm,Physical Function,Float,Continuous,,Recommended,"Isometric strength: right leg chair and transducer settings, arm support (cm)",,,
V00RLHORIZ,rlhoriz,Physical Function,Float,Continuous,,Recommended,"Isometric strength: right leg chair and transducer settings, horizontal bar (knee angle fix) (cm)",,,
V00RLVERT,rlvert,Physical Function,Float,Continuous,,Recommended,"Isometric Strength: right leg chair and transducer settings, vertical bar (height) (cm)",,,
V00REXPN,rexpn,Physical Function,Integer,Binary,,Recommended,"Isometric strength: right knee extension, any knee pain during test",0;1,0=No; 1=Yes,
V00REXCOMP,rexcomp,Physical Function,Integer,Binary,,Recommended,"Isometric strength: right knee extension, able to complete (3) measurements",0;1,0=No; 1=Yes,
V00REXWHY1,rexwhy1,Physical Function,Integer,Binary,,Recommended,"Isometric strength: right knee extension, not able to complete measurements, knee pain",0;1,0=No; 1=Yes,
V00REXWHY2,rexwhy2,Physical Function,Integer,Binary,,Recommended,"Isometric strength: right knee extension, not able to complete measurements, equipment problems",0;1,0=No; 1=Yes,
V00REXWHY3,rexwhy3,Physical Function,Integer,Binary,,Recommended,"Isometric strength: right knee extension, not able to complete measurements, participant fatigue",0;1,0=No; 1=Yes,
V00REXWHY4,rexwhy4,Physical Function,Integer,Binary,,Recommended,"Isometric strength: right knee extension, not able to complete measurements, participant refused",0;1,0=No; 1=Yes,
V00REXWHY5,rexwhy5,Physical Function,Integer,Binary,,Recommended,"Isometric strength: right knee extension, not able to complete measurements, other",0;1,0=No; 1=Yes,
V00RFXPN,rfxpn,Physical Function,Integer,Binary,,Recommended,"Isometric strength: right knee flexion, any knee pain during test",0;1,0=No; 1=Yes,
V00RFXCOMP,rfxcomp,Physical Function,Integer,Binary,,Recommended,"Isometric strength: right knee flexion, able to complete (3) measurements",0;1,0=No; 1=Yes,
V00RFXWHY1,rfxwhy1,Physical Function,Integer,Binary,,Recommended,"Isometric strength: right knee flexion, not able to complete measurements, knee pain",0;1,0=No; 1=Yes,
V00RFXWHY2,rfxwhy2,Physical Function,Integer,Binary,,Recommended,"Isometric strength: right knee flexion, not able to complete measurements, equipment problems",0;1,0=No; 1=Yes,
V00RFXWHY3,rfxwhy3,Physical Function,Integer,Binary,,Recommended,"Isometric strength: right knee flexion, not able to complete measurements, participant fatigue",0;1,0=No; 1=Yes,
V00RFXWHY4,rfxwhy4,Physical Function,Integer,Binary,,Recommended,"Isometric strength: right knee flexion, not able to complete measurements, participant refused",0;1,0=No; 1=Yes,
V00RFXWHY5,rfxwhy5,Physical Function,Integer,Binary,,Recommended,"Isometric strength: right knee flexion, not able to complete measurements, other",0;1,0=No; 1=Yes,
V00EKRSL,ekrsl,Physical Function,Integer,Binary,,Recommended,"Isometric strength: left knee, ever had knee replacement surgery",0;1,0=No; 1=Yes,
V00LLLGTH,lllgth,Physical Function,Float,Continuous,,Recommended,Isometric strength: left leg length from transducer to joint line (cm),,,
V00TRANSET,transet,Physical Function,Integer,Binary,,Recommended,Isometric strength: chair and transducer settings for left leg same as right leg settings,0;1,0=No; 1=Yes,
V00LLBACK,llback,Physical Function,Float,Continuous,,Recommended,"Isometric strength: left leg chair and transducer settings, back support (cm)",,,
V00LLARM,llarm,Physical Function,Float,Continuous,,Recommended,"Isometric strength: left leg chair and transducer settings, arm support (cm)",,,
V00LLHORIZ,llhoriz,Physical Function,Float,Continuous,,Recommended,"Isometric strength: left leg chair and transducer settings, horizontal bar (knee angle fix) (cm)",,,
V00LLVERT,llvert,Physical Function,Float,Continuous,,Recommended,"Isometric strength: left leg chair and transducer settings, vertical bar (height) (cm)",,,
V00LEXPN,lexpn,Physical Function,Integer,Binary,,Recommended,"Isometric strength: left knee extension, any knee pain during test",0;1,0=No; 1=Yes,
V00LEXCOMP,lexcomp,Physical Function,Integer,Binary,,Recommended,"Isometric strength: left knee extension, able to complete (3) measurements",0;1,0=No; 1=Yes,
V00LEXWHY1,lexwhy1,Physical Function,Integer,Binary,,Recommended,"Isometric strength: left knee extension, not able to complete measurements, knee pain",0;1,0=No; 1=Yes,
V00LEXWHY2,lexwhy2,Physical Function,Integer,Binary,,Recommended,"Isometric strength: left knee extension, not able to complete measurements, equipment problems",0;1,0=No; 1=Yes,
V00LEXWHY3,lexwhy3,Physical Function,Integer,Binary,,Recommended,"Isometric strength: left knee extension, not able to complete measurements, participant fatigue",0;1,0=No; 1=Yes,
V00LEXWHY4,lexwhy4,Physical Function,Integer,Binary,,Recommended,"Isometric strength: left knee extension, not able to complete measurements, participant refused",0;1,0=No; 1=Yes,
V00LEXWHY5,lexwhy5,Physical Function,Integer,Binary,,Recommended,"Isometric strength: left knee extension, not able to complete measurements, other",0;1,0=No; 1=Yes,
V00LFXPN,lfxpn,Physical Function,Integer,Binary,,Recommended,"Isometric strength: left knee flexion, any knee pain during test",0;1,0=No; 1=Yes,
V00LFXCOMP,lfxcomp,Physical Function,Integer,Binary,,Recommended,"Isometric strength: left knee flexion, able to complete (3) measurements",0;1,0=No; 1=Yes,
V00LFXWHY1,lfxwhy1,Physical Function,Integer,Binary,,Recommended,"Isometric strength: left knee flexion, not able to complete measurements, knee pain",0;1,0=No; 1=Yes,
V00LFXWHY2,lfxwhy2,Physical Function,Integer,Binary,,Recommended,"Isometric strength: left knee flexion, not able to complete measurements, equipment problems",0;1,0=No; 1=Yes,
V00LFXWHY3,lfxwhy3,Physical Function,Integer,Binary,,Recommended,"Isometric strength: left knee flexion, not able to complete measurements, participant fatigue",0;1,0=No; 1=Yes,
V00LFXWHY4,lfxwhy4,Physical Function,Integer,Binary,,Recommended,"Isometric strength: left knee flexion, not able to complete measurements, participant refused",0;1,0=No; 1=Yes,
V00LFXWHY5,lfxwhy5,Physical Function,Integer,Binary,,Recommended,"Isometric strength: left knee flexion, not able to complete measurements, other",0;1,0=No; 1=Yes,
V00W2STFID,w2stfid,Physical Function,String,Unknown,5,Recommended,20-meter walk: staff ID,,,wpstfid
V00STEPST1,stepst1,Physical Function,Integer,Count,,Recommended,20-meter walk: trial 1 number of steps,,,
V00TIMET1,timet1,Physical Function,Float,Continuous,,Recommended,20-meter walk: trial 1 time to complete (sec.hundredths/sec),,,
V00WLK20T1,wlk20t1,Physical Function,Integer,Ordinal,,Recommended,20-meter walk: trial 1 result,1::3,"1= Completed; 2= Not attempted, unable; 3= Attempted, unable to complete",
V00STEPST2,stepst2,Physical Function,Integer,Count,,Recommended,20-meter walk: trial 2 number of steps,,,
V00TIMET2,timet2,Physical Function,Float,Continuous,,Recommended,20-meter walk: trial 2 time to complete (sec.hundredths/sec),,,
V00WLK20T2,wlk20t2,Physical Function,Integer,Ordinal,,Recommended,20-meter walk: trial 2 result,1::3,"1= Completed; 2= Not attempted, unable; 3= Attempted, unable to complete",
V00WLKAID,wlkaid,Physical Function,Integer,Binary,,Recommended,20-meter walk: using walking aid such as cane,0;1,0=No; 1=Yes,
V00W4STFID,w4stfid,Physical Function,String,Unknown,5,Recommended,400-meter walk: staff ID #,,,
V00W20COMP,w20comp,Physical Function,Integer,Binary,,Recommended,400-meter walk eligibility: able to complete trial 1 and trial 2 of the 20-meter walk,0;1,0=No; 1=Yes,
V00WALKER,walker,Physical Function,Integer,Binary,,Recommended,400-meter walk eligibility: use walker or quad cane when walk,0;1,0=No; 1=Yes,
V00SAFEWLK,safewlk,Physical Function,Integer,Binary,,Recommended,400-meter walk eligibility: feel it would be safe to try to walk up and down hallway,0;1,0=No; 1=Yes,
V00HRB4WLK,hrb4wlk,Physical Function,Integer,Continuous,,Recommended,400-meter walk: heart rate before walk,,,
V00RESTT1,restt1,Physical Function,Integer,Ordinal,,Recommended,400-meter walk: rest stop #1,1::5,1= <30 sec; 2= 30 sec; 3= 31-59 sec; 4= 60 sec; 5= >60 sec (test stopped),
V00RESTT2,restt2,Physical Function,Integer,Ordinal,,Recommended,400-meter walk: rest stop #2,1::5,1= <30 sec; 2= 30 sec; 3= 31-59 sec; 4= 60 sec; 5= >60 sec (test stopped),
V00RESTT3,restt3,Physical Function,Integer,Ordinal,,Recommended,400-meter walk: rest stop #3,1::5,1= <30 sec; 2= 30 sec; 3= 31-59 sec; 4= 60 sec; 5= >60 sec (test stopped),
V00RESTT4,restt4,Physical Function,Integer,Ordinal,,Recommended,400-meter walk: rest stop #4,1::5,1= <30 sec; 2= 30 sec; 3= 31-59 sec; 4= 60 sec; 5= >60 sec (test stopped),
V00RESTT5,restt5,Physical Function,Integer,Ordinal,,Recommended,400-meter walk: rest stop #5,1::5,1= <30 sec; 2= 30 sec; 3= 31-59 sec; 4= 60 sec; 5= >60 sec (test stopped),
V00RESTT6,restt6,Physical Function,Integer,Ordinal,,Recommended,400-meter walk: rest stop #6,1::5,1= <30 sec; 2= 30 sec; 3= 31-59 sec; 4= 60 sec; 5= >60 sec (test stopped),
V00RESTT7,restt7,Physical Function,Integer,Ordinal,,Recommended,400-meter walk: rest stop #7,1::5,1= <30 sec; 2= 30 sec; 3= 31-59 sec; 4= 60 sec; 5= >60 sec (test stopped),
V00RESTT8,restt8,Physical Function,Integer,Ordinal,,Recommended,400-meter walk: rest stop #8,1::5,1= <30 sec; 2= 30 sec; 3= 31-59 sec; 4= 60 sec; 5= >60 sec (test stopped),
V00RESTT9,restt9,Physical Function,Integer,Ordinal,,Recommended,400-meter walk: rest stop #9,1::5,1= <30 sec; 2= 30 sec; 3= 31-59 sec; 4= 60 sec; 5= >60 sec (test stopped),
V00RESTT10,restt10,Physical Function,Integer,Ordinal,,Recommended,400-meter walk: rest stop #10,1::5,1= <30 sec; 2= 30 sec; 3= 31-59 sec; 4= 60 sec; 5= >60 sec (test stopped),
V00NUMSTOP,numstop,Physical Function,Integer,Count,,Recommended,400-meter walk: total number rest stops,,,
V00HR400WK,hr400wk,Physical Function,Integer,Continuous,,Recommended,400-meter walk: heart rate at 400-m or at stop,,,
V00HR135,hr135,Physical Function,Integer,Binary,,Recommended,400-meter walk: heart rate exceed 135 bpm during walk,0;1,0=No; 1=Yes,
V00CANEUSE,caneuse,Physical Function,Integer,Binary,,Recommended,400-meter walk: use cane,0;1,0=No; 1=Yes,
V00COMP10,comp10laps,Physical Function,Integer,Binary,,Recommended,400-meter walk: complete full 10 laps,0;1,0=No; 1=Yes,comp10
V00REASW1,reasw1,Physical Function,Integer,Binary,,Recommended,"400-meter walk: not able to complete 10 laps, excluded based on eligibility criteria",0;1,0=No; 1=Yes,
V00REASW2,reasw2,Physical Function,Integer,Binary,,Recommended,"400-meter walk: not able to complete 10 laps, began walk but could not complete",0;1,0=No; 1=Yes,
V00REASW3,reasw3,Physical Function,Integer,Binary,,Recommended,"400-meter walk: not able to complete 10 laps, heart rate exceeded 135 bpm during walk and did not feel well",0;1,0=No; 1=Yes,
V00REASW4,reasw4,Physical Function,Integer,Binary,,Recommended,"400-meter walk: not able to complete 10 laps, heart rate fell below 40 bpm during walk",0;1,0=No; 1=Yes,
V00REASW5,reasw5,Physical Function,Integer,Binary,,Recommended,"400-meter walk: not able to complete 10 laps, reported felt too tired during walk",0;1,0=No; 1=Yes,
V00REASW6,reasw6,Physical Function,Integer,Binary,,Recommended,"400-meter walk: not able to complete 10 laps, reported chest pain during walk",0;1,0=No; 1=Yes,
V00REASW7,reasw7,Physical Function,Integer,Binary,,Recommended,"400-meter walk: not able to complete 10 laps, reported shortness of breath during walk",0;1,0=No; 1=Yes,
V00REASW8,reasw8,Physical Function,Integer,Binary,,Recommended,"400-meter walk: not able to complete 10 laps, reported feeling faint during walk",0;1,0=No; 1=Yes,
V00REASW9,reasw9,Physical Function,Integer,Binary,,Recommended,"400-meter walk: not able to complete 10 laps, reported knee pain during walk",0;1,0=No; 1=Yes,
V00REASW10,reasw10,Physical Function,Integer,Binary,,Recommended,"400-meter walk: not able to complete 10 laps, reported hip pain during walk",0;1,0=No; 1=Yes,
V00REASW11,reasw11,Physical Function,Integer,Binary,,Recommended,"400-meter walk: not able to complete 10 laps, reported calf pain during walk",0;1,0=No; 1=Yes,
V00REASW12,reasw12,Physical Function,Integer,Binary,,Recommended,"400-meter walk: not able to complete 10 laps, reported back pain during walk",0;1,0=No; 1=Yes,
V00REASW13,reasw13,Physical Function,Integer,Binary,,Recommended,"400-meter walk: not able to complete 10 laps, sat down during walk",0;1,0=No; 1=Yes,
V00REASW14,reasw14,Physical Function,Integer,Binary,,Recommended,"400-meter walk: not able to complete 10 laps, more than 15 minutes elapsed from start of test",0;1,0=No; 1=Yes,
V00REASW15,reasw15,Physical Function,Integer,Binary,,Recommended,"400-meter walk: not able to complete 10 laps, refused",0;1,0=No; 1=Yes,
V00REASW16,reasw16,Physical Function,Integer,Binary,,Recommended,"400-meter walk: not able to complete 10 laps, other",0;1,0=No; 1=Yes,
V00DISCOMF,discomf,Physical Function,Integer,Binary,,Recommended,400-meter walk: any discomfort,0;1,0=No; 1=Yes,
V00SOB400W,sob400w,Physical Function,Integer,Binary,,Recommended,"400-meter walk: type of discomfort, shortness of breath",0;1,0=No; 1=Yes,
V00WHE400W,whe400w,Physical Function,Integer,Binary,,Recommended,"400-meter walk: type of discomfort, wheezing/dyspnea",0;1,0=No; 1=Yes,
V00PN400W,pn400w,Physical Function,Integer,Binary,,Recommended,"400-meter walk: type of discomfort, pain",0;1,0=No; 1=Yes,
V00OTH400W,oth400w,Physical Function,Integer,Binary,,Recommended,"400-meter walk: type of discomfort, other",0;1,0=No; 1=Yes,
V00RPN400W,rpn400w,Physical Function,Integer,Binary,,Recommended,400-meter walk: right knee pain during walk,0;1,0=No; 1=Yes,
V00RPWKTYP,rpwktyp,Physical Function,Integer,Ordinal,,Recommended,"400-meter walk: right knee pain mild, moderate or severe",1::3,1=Mild; 2= Moderate; 3=Severe,
V00RPWKPRV,rpwkprv,Physical Function,Integer,Binary,,Recommended,400-meter walk: right knee pain prevent from walking at usual pace,0;1,0=No; 1=Yes,
V00LPN400W,lpn400w,Physical Function,Integer,Binary,,Recommended,400-meter walk: left knee pain during walk,0;1,0=No; 1=Yes,
V00LPWKTYP,lpwktyp,Physical Function,Integer,Ordinal,,Recommended,"400-meter walk: left knee pain mild, moderate or severe",1::3,1=Mild; 2= Moderate; 3=Severe,
V00LPWKPRV,lpwkprv,Physical Function,Integer,Binary,,Recommended,400-meter walk: left knee pain prevent walking at usual pace,0;1,0=No; 1=Yes,
V00NPN400W,npn400w,Physical Function,Integer,Binary,,Recommended,400-meter walk: no knee pain during walk,0;1,0=No; 1=Yes,
V00DKP400W,dkp400w,Physical Function,Integer,Binary,,Recommended,"400-meter walk: knee pain during walk, don't know",0;1,0=No; 1=Yes,
V00RFP400W,rfp400w,Physical Function,Integer,Binary,,Recommended,"400-meter walk: knee pain during walk, refused",0;1,0=No; 1=Yes,
V00K1STFID,k1stfid,Medical History,String,Unknown,5,Recommended,Knee exam: staff ID #,,,
V00RKPATPN,rkpatpn,Pain and Medication,Integer,Binary,,Recommended,"Right knee exam: patellar quadriceps tendinitis, pain/tenderness at any four sites",0;1,0=No; 1=Yes,
V00LKPATPN,lkpatpn,Pain and Medication,Integer,Binary,,Recommended,"Left knee exam: patellar quadriceps tendinitis, pain/tenderness at any four sites",0;1,0=No; 1=Yes,
V00RKEFFB,rkeffb,Medical History,Integer,Binary,,Recommended,"Right knee exam: effusion, bulge sign positive",0;1,0=No; 1=Yes,
V00RKEFFPT,rkeffpt,Medical History,Integer,Nominal,,Recommended,"Right knee exam: effusion, patellar tap positive",0::2,0=No; 1=Yes; 2=Too tender to examine,
V00LKEFFB,lkeffb,Medical History,Integer,Binary,,Recommended,"Left knee exam: effusion, bulge sign positive",0;1,0=No; 1=Yes,
V00LKEFFPT,lkeffpt,Medical History,Integer,Nominal,,Recommended,"Left knee exam: effusion, patellar tap positive",0::2,0=No; 1=Yes; 2=Too tender to examine,
V00RKRFXPN,rkrfxpn,Pain and Medication,Integer,Binary,,Recommended,Right knee exam: knee flexion pain/tenderness present on exam,0;1,0=No; 1=Yes,
V00LKRFXPN,lkrfxpn,Pain and Medication,Integer,Binary,,Recommended,Left knee exam: knee flexion pain/tenderness present on exam,0;1,0=No; 1=Yes,
V00RKLTTPN,rklttpn,Pain and Medication,Integer,Binary,,Recommended,Right knee exam: lateral tibiofemoral pain/tenderness present on exam,0;1,0=No; 1=Yes,
V00RKMTTPN,rkmttpn,Pain and Medication,Integer,Binary,,Recommended,Right knee exam: medial tibiofemoral pain/tenderness present on exam,0;1,0=No; 1=Yes,
V00RKABPN,rkabpn,Pain and Medication,Integer,Binary,,Recommended,"Right knee exam: anserine bursa, pain/tenderness present on exam",0;1,0=No; 1=Yes,
V00LKLTTPN,lklttpn,Pain and Medication,Integer,Binary,,Recommended,Left knee exam: lateral tibiofemoral pain/tenderness present on exam,0;1,0=No; 1=Yes,
V00LKMTTPN,lkmttpn,Pain and Medication,Integer,Binary,,Recommended,Left knee exam: medial tibiofemoral pain/tenderness present on exam,0;1,0=No; 1=Yes,
V00LKABPN,lkabpn,Pain and Medication,Integer,Binary,,Recommended,"Left knee exam: anserine bursa, pain/tenderness present on exam",0;1,0=No; 1=Yes,
V00RKPFCRE,rkpfcre,Medical History,Integer,Binary,,Recommended,Right knee exam: patello-femoral crepitus present on exam,0;1,0=No; 1=Yes,
V00LKPFCRE,lkpfcre,Medical History,Integer,Binary,,Recommended,Left knee exam: patello-femoral crepitus present on exam,0;1,0=No; 1=Yes,
V00RKPGDPN,rkpgdpn,Pain and Medication,Integer,Binary,,Recommended,"Right knee exam: patellar grind, painful or tender behind knee cap",0;1,0=No; 1=Yes,
V00LKPGDPN,lkpgdpn,Pain and Medication,Integer,Binary,,Recommended,"Left knee exam: patellar grind, painful or tender behind knee cap",0;1,0=No; 1=Yes,
V00LLWGT,llwgt,Physical Function,Integer,Continuous,,Recommended,Isometric strength: left leg weight (N),,,
V00RLWGT,rlwgt,Physical Function,Integer,Continuous,,Recommended,Isometric strength: right leg weight (N),,,
P01HEIGHT,height_av,Medical History,Float,Continuous,,Recommended,Average height (mm),,,height
P01WEIGHT,weight_met,Medical History,Float,Continuous,,Recommended,Weight - Metric Unit,,999 = Missing; -999 = No Data,weight
P01BMI,bmi,Medical History,Float,Continuous,,Recommended,body mass index of subject,,-9=Missing; -5=Item/Instrument not collected; -2=Not collected at this time point,
P01RH1CV,rh1cv,Medical History,Integer,Binary,,Recommended,Right hand exam: joint 1,0;1,0= Normal; 1= Bony enlargement,
P01RH2CV,rh2cv,Medical History,Integer,Binary,,Recommended,Right hand exam: joint 2,0;1,0= Normal; 1= Bony enlargement,
P01RH3CV,rh3cv,Medical History,Integer,Binary,,Recommended,Right hand exam: joint 3,0;1,0= Normal; 1= Bony enlargement,
P01RH4CV,rh4cv,Medical History,Integer,Binary,,Recommended,Right hand exam: joint 4,0;1,0= Normal; 1= Bony enlargement,
P01RH5CV,rh5cv,Medical History,Integer,Binary,,Recommended,Right hand exam: joint 5,0;1,0= Normal; 1= Bony enlargement,
P01LH1CV,lh1cv,Medical History,Integer,Binary,,Recommended,Left hand exam: joint 1,0;1,0= Normal; 1= Bony enlargement,
P01LH2CV,lh2cv,Medical History,Integer,Binary,,Recommended,Left hand exam: joint 2,0;1,0= Normal; 1= Bony enlargement,
P01LH3CV,lh3cv,Medical History,Integer,Binary,,Recommended,Left hand exam: joint 3,0;1,0= Normal; 1= Bony enlargement,
P01LH4CV,lh4cv,Medical History,Integer,Binary,,Recommended,Left hand exam: joint 4,0;1,0= Normal; 1= Bony enlargement,
P01LH5CV,lh5cv,Medical History,Integer,Binary,,Recommended,Left hand exam: joint 5,0;1,0= Normal; 1= Bony enlargement,
P01RHBE,rhbe,Medical History,Integer,Count,,Recommended,Right hand exam: total number of bony (calc),,,
P01LHBE,lhbe,Medical History,Integer,Count,,Recommended,Left hand exam: total number of bony (calc),,,
V00ABCIRC,abcirc,Medical History,Float,Continuous,,Recommended,Abdominal circumference (cm),,,
V00CS5,cs5,Physical Function,Integer,Binary,,Recommended,Repeated chair stands: able to complete 5 stands,0;1,0=No; 1=Yes,
V00CSPACE,cspace,Physical Function,Float,Continuous,,Recommended,Repeated chair stand: pace in stands/sec,,,
V00REXP1CV,rexp1cv,Physical Function,Integer,Ordinal,,Recommended,"Isometric strength: right knee extension, severity of pain",0::3,0=None; 1=Mild; 2= Moderate; 3=Severe,
V00REXP2CV,rexp2cv,Physical Function,Integer,Ordinal,,Recommended,"Isometric strength: right knee extension, knee pain prevent from pushing as hard as can",0::2,"0= No pain; 1= No, pain did not prevent pushing hard; 2= Yes, pain prevented pushing hard",
V00RFXP1CV,rfxp1cv,Physical Function,Integer,Ordinal,,Recommended,"Isometric strength: right knee flexion, severity of pain",0::3,0=None; 1=Mild; 2= Moderate; 3=Severe,
V00RFXP2CV,rfxp2cv,Physical Function,Integer,Ordinal,,Recommended,"Isometric strength: right knee flexion, pain prevent from pulling as hard as can",0::2,"0= No Pain; 1= No, pain did not prevent pulling hard; 2= Yes, pain prevented from pulling hard",
V00LEXP1CV,lexp1cv,Physical Function,Integer,Ordinal,,Recommended,"Isometric strength: left knee extension, severity of pain",0::3,0=None; 1=Mild; 2= Moderate; 3=Severe,
V00LEXP2CV,lexp2cv,Physical Function,Integer,Ordinal,,Recommended,"Isometric strength: left knee extension, pain prevent from pushing as hard as can",0::2,"0= No pain; 1= No, pain did not prevent pushing hard; 2= Yes, pain prevented pushing hard",
V00LFXP1CV,lfxp1cv,Physical Function,Integer,Ordinal,,Recommended,"Isometric strength: left knee flexion, severity of pain",0::3,0=None; 1=Mild; 2= Moderate; 3=Severe,
V00LFXP2CV,lfxp2cv,Physical Function,Integer,Ordinal,,Recommended,"Isometric strength: left knee flexion, pain prevent from pulling as hard as can",0::2,"0= No Pain; 1= No, pain did not prevent pulling hard; 2= Yes, pain prevented from pulling hard",
V0020MPACE,w20mpace,Physical Function,Float,Continuous,,Recommended,20-meter walk: pace (m/sec),,,20mpace
V00400MTR,w400mtr,Physical Function,Integer,Count,,Recommended,400- meter walk: total meters walked,,,400mtr
V00KEXAMK,kexamk,Medical History,Integer,Nominal,,Recommended,Knee exam: knee eligible to be examined,0::3,0= Neither; 1= Right; 2= Left; 3= Both,
V00RKFHDEG,rkfhdeg,Medical History,Integer,Continuous,,Recommended,"Right knee exam: flexion/contracture/hyperextension, degrees (contracture positive)",,,
V00LKFHDEG,lkfhdeg,Medical History,Integer,Continuous,,Recommended,"Left knee exam: flexion contracture/hyperextension, degrees (contracture positive)",,,
V00RKALNMT,rkalnmt,Medical History,Integer,Continuous,,Recommended,"Right knee exam: alignment, degrees (valgus negative)",,,
V00LKALNMT,lkalnmt,Medical History,Integer,Continuous,,Recommended,"Left knee exam: alignment, degrees (valgus negative)",,,
V00isstfid,isstfid,Physical Function,String,Unknown,5,Recommended,Isometric Strength Staff ID #,,,
V00isexmdt,isexmdt,Physical Function,Date,Date,,Recommended,Isometric strength: exam date,,,
V00rftrial,rftrial,Physical Function,Integer,Ordinal,,Recommended,"Isometric strength: right knee flexion, number of the TRIAL with the highest max force",1::3,,
V00rfmaxf,rfmaxf,Physical Function,Float,Continuous,,Recommended,"Isometric strength: right knee flexion, MAX force (N)",,,
V00rfTLPL,rftlpl,Physical Function,Float,Continuous,,Recommended,"Isometric strength: right knee flexion, low production limit, time to produce to 30% of max force (sec)",,,
V00rfTHPL,rfthpl,Physical Function,Float,Continuous,,Recommended,"Isometric strength: right knee flexion, high production limit, time to produce 90% of max force (sec)",,,
V00rfTLRL,rftlrl,Physical Function,Float,Continuous,,Recommended,"Isometric strength: right knee flexion, low relaxation limit, time to relax to 30% of max force (sec)",,,
V00rfTHRL,rfthrl,Physical Function,Float,Continuous,,Recommended,"Isometric strength: right knee flexion, high relaxation limit, time to relax to 90% of max force (sec)",,,
V00retrial,retrial,Physical Function,Integer,Ordinal,,Recommended,"Isometric strength: right knee extension, number of the TRIAL with the highest max",1::3,,
V00remaxf,remaxf,Physical Function,Float,Continuous,,Recommended,"Isometric strength: right knee extension, MAX force (N)",,,
V00reTLPL,retlpl,Physical Function,Float,Continuous,,Recommended,"Isometric strength: right knee extension, low production limit, time to produce to 30% of max force (sec)",,,
V00reTHPL,rethpl,Physical Function,Float,Continuous,,Recommended,"Isometric strength: right knee extension, high production limit, time to produce to 90% of max force (sec)",,,
V00reTLRL,retlrl,Physical Function,Float,Continuous,,Recommended,"Isometric strength: right knee extension, low relaxation limit, time to relax to 30% of max force (sec)",,,
V00reTHRL,rethrl,Physical Function,Float,Continuous,,Recommended,"Isometric strength: right knee extension, high relaxation limit, time to relax to 90% of max force (sec)",,,
V00lftrial,lftrial,Physical Function,Integer,Ordinal,,Recommended,"Isometric strength: left knee flexion, number of the TRIAL with the highest max force",1::3,,
V00lfmaxf,lfmaxf,Physical Function,Float,Continuous,,Recommended,"Isometric strength: left knee flexion, MAX force (N)",,,
V00lfTLPL,lftlpl,Physical Function,Float,Continuous,,Recommended,"Isometric strength: left knee flexion, low production limit, time to produce to 30% of max force (sec)",,,
V00lfTHPL,lfthpl,Physical Function,Float,Continuous,,Recommended,"Isometric strength: left knee flexion, high production limit, time to produce to 90% of max force (sec)",,,
V00lfTLRL,lftlrl,Physical Function,Float,Continuous,,Recommended,"Isometric strength: left knee flexion, low relaxation limit, time to relax to 30% of max force (sec)",,,
V00lfTHRL,lfthrl,Physical Function,Float,Continuous,,Recommended,"Isometric strength: left knee flexion, high relaxation limit, time to relax to 90% of max force (sec)",,,
V00letrial,letrial,Physical Function,Integer,Ordinal,,Recommended,"Isometric strength: left knee extension, number of the TRIAL with the highest max force",1::3,,
V00lemaxf,lemaxf,Physical Function,Float,Continuous,,Recommended,"Isometric strength: left knee extension, MAX force (N)",,,
V00leTLPL,letlpl,Physical Function,Float,Continuous,,Recommended,"Isometric strength: left knee extension, low production limit, time to produce to 30% of max force (sec)",,,
V00leTHPL,lethpl,Physical Function,Float,Continuous,,Recommended,"Isometric strength: left knee extension, high production limit, time to produce to 90% of max force (sec)",,,
V00leTLRL,letlrl,Physical Function,Float,Continuous,,Recommended,"Isometric strength: left knee extension, low relaxation limit, time to relax to 30% of max force (sec)",,,
V00leTHRL,lethrl,Physical Function,Float,Continuous,,Recommended,"Isometric strength: left knee extension, high relaxation limit, time to relax to 90% of max force (sec)",,,
V00CALLDOC,calldoc,Physical Function,Integer,Binary,,Recommended,"400-meter walk eligibility: had to see or call doctor for worsening angina (chest or heart pain) or worsening shortness of breath, past 3 months",0;1,0=No; 1=Yes,
V00HRELG,hrelg,Physical Function,Integer,Binary,,Recommended,400-meter walk eligibility: meets old or new heart rate exclusion criterion,0;1,0=Does not meet criterion; 1=Meets exclusion criterion; Blank = Missing Form/Incomplete Workbook,
V00SYSELG,syselg,Physical Function,Integer,Binary,,Recommended,400-meter walk eligibility: meets new or old systolic blood pressure exclusion criterion,0;1,0=Does not meet criterion; 1=Meets exclusion criterion; Blank = Missing Form/Incomplete Workbook,
V00DIASELG,diaselg,Physical Function,Integer,Binary,,Recommended,400-meter walk eligibility: meets new or old diastolic blood pressure exclusion criterion,0;1,0=Does not meet criterion; 1=Meets exclusion criterion; Blank = Missing Form/Incomplete Workbook,
V00400MCMP,w400mcmp,Physical Function,Integer,Ordinal,,Recommended,400-meter walk: completion status,1::5,"1= Completed test without stopping; 2= Completed test with one or more rests; 3= Attempted, unable to complete; 4= Not attempted, excluded; 5= Not attempted, other",400mcmp
V00400MTIM,w400mtim,Physical Function,Float,Continuous,,Recommended,400-meter walk: total time at 400-m or at stop (sec),,,400mtim
V00rexcmp2,rexcmp2,Physical Function,Integer,Binary,,Recommended,"Isometric strength: right knee extension, able to complete at least 2 good trials",0;1,0=No; 1=Yes,
V00lexcmp2,lexcmp2,Physical Function,Integer,Binary,,Recommended,"Isometric strength: left knee extension, able to complete at least 2 good trials",0;1,0=No; 1=Yes,
V00rfxcmp2,rfxcmp2,Physical Function,Integer,Binary,,Recommended,"Isometric strength: right knee flexion, able to complete at least 2 good trials",0;1,0=No; 1=Yes,
V00lfxcmp2,lfxcmp2,Physical Function,Integer,Binary,,Recommended,"Isometric strength: left knee flexion, able to complete at least 2 good trials",0;1,0=No; 1=Yes,
V00400PAIN,w400pain,Physical Function,Integer,Nominal,,Recommended,"400-meter walk: knee pain, which leg (calc)",0::3,0= Neither; 1= Right; 2= Left; 3= Both,400pain
V00lkdefcv,lkdefcv,Medical History,Integer,Nominal,,Recommended,Left knee exam: alignment varus or valgus,0::2,0= Neither; 1= Varus; 2= Valgus,
V00rkdefcv,rkdefcv,Medical History,Integer,Nominal,,Recommended,Right knee exam: alignment varus or valgus,0::2,0= Neither; 1= Varus; 2= Valgus,
V00400EXCL,w400excl,Physical Function,Integer,Nominal,,Recommended,400-meter walk: reason excluded (calc),0::9,"0= Not excluded; 1= Could not complete 20-m walk; 2= Excluded for heart rate; 3= Excluded for systolic bp; 4= Excluded for diastolic bp; 5= Excluded for other reason; 6= Excluded for walker/quad cane use; 7= Excluded for angina/shortness of breath; 8= Excluded, recent hosp, surg, cardiovasc; 9= Did not feel safe walking",400excl
V00HOSPSUR,hospsur,Physical Function,Integer,Binary,,Recommended,400-meter walk eligibility: meets new or old hospitalization/surgery exclusion criteria,0;1,0=Does not meet criterion; 1=Meets exclusion criterion; Blank = Missing Form/Incomplete Workbook,
V00rfSFR,rfsfr,Physical Function,Float,Continuous,,Recommended,"Isometric strength: right knee flexion, speed of force relaxation (N/s)",,,
V00leSFR,lesfr,Physical Function,Float,Continuous,,Recommended,"Isometric strength: left knee extension, speed of force relaxation (N/s)",,,
V00lfSFP,lfsfp,Physical Function,Float,Continuous,,Recommended,"Isometric strength: left knee flexion, speed of force production (N/s)",,,
V00reSFP,resfp,Physical Function,Float,Continuous,,Recommended,"Isometric strength: right knee extension, speed of force production (N/s)",,,
V00reSFR,resfr,Physical Function,Float,Continuous,,Recommended,"Isometric strength: right knee extension, speed of force relaxation (N/s)",,,
V00lfSFR,lfsfr,Physical Function,Float,Continuous,,Recommended,"Isometric strength: left knee flexion, speed of force relaxation (N/s)",,,
V00rfSFP,rfsfp,Physical Function,Float,Continuous,,Recommended,"Isometric strength: right knee flexion, speed of force production (N/s)",,,
V00leSFP,lesfp,Physical Function,Float,Continuous,,Recommended,"Isometric strength: left knee extension, speed of force relaxation (N/s)",,,
P01BROHRCV,brohrcv,Medical History,Integer,Binary,,Recommended,Brother had hip replacement surgery,0;1,0=No; 1=Yes,
P01BROKRCV,brokrcv,Medical History,Integer,Binary,,Recommended,Brother had knee replacement surgery,0;1,0=No; 1=Yes,
P01CLAU,clau,Medical History,Integer,Binary,,Recommended,Have claustrophobia,0;1; -9,0=No; 1=Yes; -9 = Unknown,
P01DADHRCV,dadhrcv,Medical History,Integer,Binary,,Recommended,Father had hip replacement surgery,0;1,0=No; 1=Yes,
P01DADKRCV,dadkrcv,Medical History,Integer,Binary,,Recommended,Father had knee replacement surgery,0;1,0=No; 1=Yes,
P01FAMHR,famhr,Medical History,Integer,Binary,,Recommended,"Mother, father, sister, or brother (blood relative) had hip replacement surgery for arthritis, where all or part of hip joint replaced",0;1,0=No; 1=Yes,
P01FAMKR,famkr,Medical History,Integer,Binary,,Recommended,"Mother, father, sister, or brother (blood relative) had knee replacement surgery for arthritis, where all or part of knee joint replaced",0;1,0=No; 1=Yes,
P01LXRKOA,lxrkoa,Medical History,Integer,Binary,,Recommended,"Left knee baseline radiographic OA (definite osteophytes, calc, used in OAI definition of symptomatic knee OA)",0;1,0=No; 1=Yes,
P01LXRKOA2,lxrkoa2,Medical History,Integer,Ordinal,,Recommended,Left knee baseline x- ray: osteophytes and JSN,0::6,0= Osteophytes=0 (none) and JSN=0 (none); 1= Osteophytes=0 (none) and JSN>0 (definitive); 2= Osteophytes=1 (possible) and JSN=0 (none); 3= Osteophytes=1 (possible) and JSN>0 (def); 4= Osteophytes=2 (definitive) and JSN=0 (none); 5= Osteophytes=2 (definitive) and JSN=1 (mild/mod); 6= Osteophytes=2 (definitive) and JSN=2 (severe),
P01MOMHRCV,momhrcv,Medical History,Integer,Binary,,Recommended,Mother had hip replacement surgery,0;1,0=No; 1=Yes,
P01MOMKRCV,momkrcv,Medical History,Integer,Binary,,Recommended,Mother had knee replacement surgery,0;1,0=No; 1=Yes,
P01MRCMP,mrcmp,Medical History,Integer,Binary,,Recommended,Able to complete MRI scan,0;1,0=No; 1=Yes,
P01MRIB4,mrib4,Medical History,Integer,Binary,,Recommended,Ever had MRI before,0;1,0=No; 1=Yes,
P01MRKCBCV,mrkcbcv,Medical History,Integer,Ordinal,,Recommended,Knees fit comfortably inside knee coil with,0::5,"0= No; 1= Yes, right knee only; 2= Yes, left knee only; 3= Yes, both knees; 4= Yes, left knee only, right knee TKR; 5= Yes, right knee only, left knee TKR",
P01MRPRBCV,mrprbcv,Medical History,Integer,Binary,,Recommended,Any problems related to the MRI scan,0;1,0=No; 1=Yes,
P01OAGRDL,oagrdl,Medical History,Integer,Ordinal,,Recommended,Left knee baseline x-ray: composite OA grade (calc),0::5,"0=Normal; 1=Possible; 2=Definite, mild; 3=Moderate; 4=Severe; 5=Prosthetic",
P01OAGRDR,oagrdr,Medical History,Integer,Ordinal,,Recommended,Right knee baseline x-ray: composite OA grade (calc),0::5,"0=Normal; 1=Possible; 2=Definite, mild; 3=Moderate; 4=Severe; 5=Prosthetic",
P01RXRKOA,rxrkoa,Medical History,Integer,Binary,,Recommended,"Right knee baseline radiographic OA (definite osteophytes, calc, used in OAI definition of symptomatic knee OA)",0;1,0=No; 1=Yes,
P01RXRKOA2,rxrkoa2,Medical History,Integer,Ordinal,,Recommended,Right knee baseline x- ray: osteophytes and JSN,0::6,0= Osteophytes=0 (none) and JSN=0 (none); 1= Osteophytes=0 (none) and JSN>0 (definitive); 2= Osteophytes=1 (possible) and JSN=0 (none); 3= Osteophytes=1 (possible) and JSN>0 (definitive); 4= Osteophytes=2 (definitive) and JSN=0 (none); 5= Osteophytes=2 (defintive) and JSN=1 (mild/mod); 6= Osteophytes=2 (definitive) and JSN=2 (severe),
P01SISHRCV,sishrcv,Medical History,Integer,Binary,,Recommended,Sister had hip replacement surgery,0;1,0=No; 1=Yes,
P01SISKRCV,siskrcv,Medical History,Integer,Binary,,Recommended,Sister had knee replacement surgery,0;1,0=No; 1=Yes,
P01SVDATE,interview_date,Medical Outcomes,Date,Date,,Required,Date on which the interview/genetic test/sampling/imaging/biospecimen was completed. MM/DD/YYYY,,,
P01SVLKJSL,svlkjsl,Medical History,Integer,Ordinal,,Recommended,Left knee baseline x- ray: evidence of knee lateral joint space narrowing,0::2,"0= 0 (normal, OARSI grade 0); 1= 1 (narrowed, OARSI grade 1-2); 2= 2 (severe, OARSI grade 3)",
P01SVLKJSM,svlkjsm,Medical History,Integer,Ordinal,,Recommended,Left knee baseline x- ray: evidence of knee medial joint space narrowing,0::2,"0= 0 (normal, OARSI grade 0); 1= 1 (narrowed, OARSI grade 1-2); 2= 2 (severe, OARSI grade 3)",
P01SVLKMI,svlkmi,Medical History,Integer,Binary,,Recommended,Left knee baseline x-ray: evidence of knee metal artifacts,0;1,0=No; 1=Yes,
P01SVLKOST,svlkost,Medical History,Integer,Ordinal,,Recommended,Left knee baseline x-ray: evidence of knee osteophytes,0::2,"0=none; 1=possible, minute; 2=definite (OARSI grade 1-3)",
P01SVRKJSL,svrkjsl,Medical History,Integer,Ordinal,,Recommended,Right knee baseline x- ray: evidence of knee lateral joint space narrowing,0::2,"0= 0 (normal, OARSI grade 0); 1= 1 (narrowed, OARSI grade 1-2); 2= 2 (severe, OARSI grade 3)",
P01SVRKJSM,svrkjsm,Medical History,Integer,Ordinal,,Recommended,Right knee baseline x- ray: evidence of knee medial joint space narrowing,0::2,"0= 0 (normal, OARSI grade 0); 1= 1 (narrowed, OARSI grade 1-2); 2= 2 (severe, OARSI grade 3)",
P01SVRKMI,svrkmi,Medical History,Integer,Binary,,Recommended,Right knee baseline x-ray: evidence of knee metal artifacts,0;1,0=No; 1=Yes,
P01SVRKOST,svrkost,Medical History,Integer,Ordinal,,Recommended,Right knee baseline x-ray: evidence of knee osteophytes,0::2,"0=none; 1=possible, minute; 2=definite (OARSI grade 1-3)",
P01SVXRELK,svxrelk,Medical History,Integer,Nominal,,Recommended,Baseline knee x-ray: knee(s) eligible for MRI based on x-ray,0::3,0= Neither; 1= Right; 2= Left; 3= Both,
P01SVXRLKR,svxrlkr,Medical History,Integer,Binary,,Recommended,Left knee baseline x-ray: evidence of knee replacement,0;1,0=No; 1=Yes,
P01SVXRRID,svxrrid,Medical History,String,Unknown,5,Recommended,Baseline knee x- ray: clinical center reader ID #,,,
P01SVXRRKR,svxrrkr,Medical History,Integer,Binary,,Recommended,Right knee baseline x-ray: evidence of knee replacement,0;1,0=No; 1=Yes,
P01XRKOA,xrkoa,Medical History,Integer,Nominal,,Recommended,Baseline radiographic knee OA status by person,0::3,0= Neither; 1= Right; 2= Left; 3= Both,
P02ACTRISK,actrisk,Medical History,Integer,Binary,,Recommended,"Engage in at least one frequent knee bending activity (calc, used for study eligibility initially)",0;1,0=No; 1=Yes,
P02DATE,eldate,Medical History,Date,Date,,Recommended,Date Initial Eligibility Interview completed,,,
P02ELGRISK,elgrisk,Medical History,Integer,Nominal,,Recommended,"Knee symptoms, risk factors, or both, status at",0::5,0= Non-eligible control cohort; 1= Incidence cohort= Knee symptoms only; 2= Incidence cohort= Risk factors only; 3= Incidence cohort= Knee sx + risk factors; 4= Incidence cohort= Protocol exception; 5= Progression cohort,
P02FAMHXKR,famhxkr,Medical History,Integer,Binary,,Recommended,"Eligibility Interview: Mother, father, sister, or brother (blood relative) had knee repl surgery where all/part of knee replaced (used for study eligibility)",0;1,0=No; 1=Yes,
P02HR1,hr1,Medical History,Integer,Binary,,Recommended,How heard about OAI: brochure,0;1,0=No; 1=Yes,
P02HR10,hr10,Medical History,Integer,Binary,,Recommended,How heard about OAI: don't know/don't remember,0;1,0=No; 1=Yes,
P02HR11,hr11,Medical History,Integer,Binary,,Recommended,How heard about OAI: refused,0;1,0=No; 1=Yes,
P02HR2,hr2,Medical History,Integer,Binary,,Recommended,How heard about OAI: doctor,0;1,0=No; 1=Yes,
P02HR3,hr3,Medical History,Integer,Binary,,Recommended,How heard about OAI: flyer,0;1,0=No; 1=Yes,
P02HR4,hr4,Medical History,Integer,Binary,,Recommended,How heard about OAI: friend/family,0;1,0=No; 1=Yes,
P02HR5,hr5,Medical History,Integer,Binary,,Recommended,How heard about OAI: mail,0;1,0=No; 1=Yes,
P02HR6,hr6,Medical History,Integer,Binary,,Recommended,How heard about OAI: newspaper,0;1,0=No; 1=Yes,
P02HR7,hr7,Medical History,Integer,Binary,,Recommended,How heard about OAI: radio advertisement,0;1,0=No; 1=Yes,
P02HR8,hr8,Medical History,Integer,Binary,,Recommended,How heard about OAI: television,0;1,0=No; 1=Yes,
P02HR9,hr9,Medical History,Integer,Binary,,Recommended,How heard about OAI: other,0;1,0=No; 1=Yes,
P02IKPRISK,ikprisk,Medical History,Integer,Ordinal,,Recommended,"Either knee symptom status at IEI (calc, used for study eligibility)",0::2,0= No knee pain either knee at IEI; 1= Infrequent knee pain only at IEI; 2= Frequent pain at least one knee at IEI,
P02JBMP,jbmp,Medical History,Integer,Binary,,Recommended,Observe obvious hard bumps on joints closest to fingertips,0;1,0=No; 1=Yes,
P02JBMPCV,jbmpcv,Medical History,Integer,Ordinal,,Recommended,"Hard bumps on fingers of right hand, left hand or both hands (calc, if=3 used for study",0::3,0= No bumps either hand; 1= Right hand; 2= Left hand; 3= Both hands,
P02KRS3,krs3,Medical History,Integer,Binary,,Recommended,"Either knee, considering knee replacement surgery, next 3 years",0;1,0=No; 1=Yes,
P02KRS3CV,krs3cv,Medical History,Integer,Nominal,,Recommended,"Which knee considering having replaced, next 3 years",0::3,0= No knee replacement surgery; 1= Right knee; 2= Left knee; 3= Both knees,
P02PA1,pa1,Medical History,Integer,Binary,,Recommended,Climb up total of 10 or more flights of stairs on most days,0;1,0=No; 1=Yes,
P02PA2,pa2,Medical History,Integer,Binary,,Recommended,Kneel for 30 minutes or more on most days,0;1,0=No; 1=Yes,
P02PA3,pa3,Medical History,Integer,Binary,,Recommended,Squat or deep knee bend for 30 minutes or more on most days,0;1,0=No; 1=Yes,
P02PA4,elpa4,Medical History,Integer,Binary,,Recommended,Lift or move objects weighing 25 lbs. or more by hand on most days,0;1,0=No; 1=Yes,
P02STMED,elstmed,Medical History,Integer,Binary,,Recommended,Participating in any research study that includes taking medications or supplements,0;1,0=No; 1=Yes,
P02STMEDCV,stmedcv,Medical History,Integer,Nominal,,Recommended,Told what study medications taken for,0::2,"0= Not particpating in research study; 1= Yes, told about study meds; 2= No, not told about study meds",
P02WTGA,wtga,Medical History,Integer,Binary,,Recommended,"Above weight cut- off for age/gender group (calc, used for study eligibility)",0;1,0=No; 1=Yes,
V00AGE,ageyears,Medical Outcomes,Integer,Continuous,,Recommended,Age in years,,,
V00CEMPLOY,cemploy,Medical History,Integer,Nominal,,Recommended,Current employment,1::4,1= Works for pay; 2= Unpaid work for family business; 3= Not working in part due to health; 4= Not working other reasons,
V00CUREMP,curemp,Medical History,Integer,Binary,,Recommended,"Currently work for pay (include self employed work for pay; answer Yes if on leave from work, expect to return within 6 months)",0;1,0=No; 1=Yes,
V00EDCV,edcv,Medical History,Integer,Ordinal,,Recommended,Highest grade or year of school completed,0::5;-99,0= Less than high school graduate; 1= High school graduate; 2= Some college; 3= College graduate; 4= Some graduate school; 5= Graduate degree; -99= Missing data,
V00ENRCR1,enrcr1,Medical History,Integer,Binary,,Recommended,"Exception to eligibility criteria, no acceptable screening knee x-ray, can be for cohort assignment only",0;1,0=No; 1=Yes,
V00ENRCR2,enrcr2,Medical History,Integer,Binary,,Recommended,"Exception to eligibility criteria, minimum MRI requirements for enrollment not met",0;1,0=No; 1=Yes,
V00ENRCR3,enrcr3,Medical History,Integer,Binary,,Recommended,"Exception to eligibility criteria, minimum blood collection requirements for enrollment not met",0;1,0=No; 1=Yes,
V00ENRCR4,enrcr4,Medical History,Integer,Binary,,Recommended,"Exception to eligibility criteria, minimum urine collection requirements for enrollment not met",0;1,0=No; 1=Yes,
V00ENRCR5,enrcr5,Medical History,Integer,Binary,,Recommended,"Exception to eligibility criteria, minimum baseline requirements met but outside of designated window",0;1,0=No; 1=Yes,
V00ENRCR6,enrcr6,Medical History,Integer,Binary,,Recommended,"Exception to eligibility criteria, did not fulfill risk-factor eligibility criteria for assigned cohort",0;1,0=No; 1=Yes,
V00ENREXCP,enrexcp,Medical History,Integer,Binary,,Recommended,Participant has enrollment exception,0;1,0=No; 1=Yes,
V00EVDATE,interview_date,Medical Outcomes,Date,Date,,Required,Date on which the interview/genetic test/sampling/imaging/biospecimen was completed. MM/DD/YYYY,,,
V00HANDED,handed,Participant Characteristics,Integer,Nominal,,,Dominant hand for x-ray,0::3,1= Right handed; 2= Left handed; 3= Ambidexterous,
V00HLTHCAR,hlthcar,Medical History,Integer,Nominal,,Recommended,Where usually go for health care or advice about health care,1::6,1= Private Doctor; 2= Public Clinic; 3= HMO; 4= Hospital Clinic; 5= Emergency Room; 6= Other,
V00HLTHCOV,hlthcov,Medical History,Integer,Binary,,Recommended,Currently have any kind of health care coverage,0;1,0=No; 1=Yes,
V00HOUACT1,houact1,Physical Activity,Integer,Binary,,Recommended,"Household activities: light housework, past 7 days",0;1,0=No; 1=Yes; Blank = Missing form/incomplete workbook/Not expected/Missing/Refused/Do not know/Unknown/Uncertain,
V00HOUACT2,houact2,Physical Activity,Integer,Binary,,Recommended,"Household activities: heavy housework, past 7 days",0;1,0=No; 1=Yes; Blank = Missing form/incomplete workbook/Not expected/Missing/Refused/Do not know/Unknown/Uncertain,
V00HOUACT3,houact3,Physical Activity,Integer,Binary,,Recommended,"Household activities: home repairs, past 7 days",0;1,0=No; 1=Yes; Blank = Missing form/incomplete workbook/Not expected/Missing/Refused/Do not know/Unknown/Uncertain,
V00HOUACT4,houact4,Physical Activity,Integer,Binary,,Recommended,"Household activities: lawn work/yard care, past 7 days",0;1,0=No; 1=Yes; Blank = Missing form/incomplete workbook/Not expected/Missing/Refused/Do not know/Unknown/Uncertain,
V00HOUACT5,houact5,Physical Activity,Integer,Binary,,Recommended,"Household activities: outdoor gardening, past 7 days",0;1,0=No; 1=Yes; Blank = Missing form/incomplete workbook/Not expected/Missing/Refused/Do not know/Unknown/Uncertain,
V00HOUACT6,houact6,Physical Activity,Integer,Binary,,Recommended,"Household activities: caring for another person, past 7 days",0;1,0=No; 1=Yes; Blank = Missing form/incomplete workbook/Not expected/Missing/Refused/Do not know/Unknown/Uncertain,
V00HOURWK,hourwk,Medical History,Integer,Count,,Recommended,"When worked how many hours per week usually work, past 12 months (include any overtime hours usually worked)",,,
V00INCOME,income_oai,Medical History,Integer,Ordinal,,Recommended,Yearly income,1::5,1= Less than $10K; 2= $10K to < $25K; 3= $25K to < $50K; 4= $50K to < $100K; 5= $100K or greater,
V00INCOME2,income2,Medical History,Integer,Binary,,Recommended,Yearly income,1;2,1= <$50K; 2 = >$50K,
V00LIVE1,live1,Medical History,Integer,Binary,,Recommended,Live with spouse,0;1,0=No; 1=Yes,
V00LIVE2,live2,Medical History,Integer,Binary,,Recommended,Live with romantic partner,0;1,0=No; 1=Yes,
V00LIVE3,live3,Medical History,Integer,Binary,,Recommended,Live with children,0;1,0=No; 1=Yes,
V00LIVE4,live4,Medical History,Integer,Binary,,Recommended,Live with other relatives or friends,0;1,0=No; 1=Yes,
V00LIVE5,live5,Medical History,Integer,Binary,,Recommended,"Live with someone else (not child, spouse, romantic partner)",0;1,0=No; 1=Yes,
V00LIVENO,liveno,Medical History,Integer,Count,,Recommended,"Besides self, how many other people live in household",,,
V00MARITST,maritst,Medical History,Integer,Nominal,,Recommended,Marital status,1::6,1=Married; 2=Widowed; 3=Divorced; 4=Separated; 5=Never Married; 6=Other,
V00MEDINS,medinsurance,Medical History,Integer,Binary,,Recommended,Have any health insurance plan that pays for all or part of cost of prescription medicines,0;1,0=No; 1=Yes,medins
V00MISSWK,misswk,Pain and Medication,Integer,Count,,Recommended,"About how many half or full workdays missed because of knee pain, aching or stiffness, past 3 months",,,
V00PA130,pa130,Medical History,Integer,Binary,,Recommended,"Climb up a total of 10 or more flights of stairs during single day, past 30 days (one flight is about 10 steps)",0;1,0=No; 1=Yes,
V00PA130CV,pa130cv,Medical History,Integer,Ordinal,,Recommended,"How often climb up total of 10 or more flights of stairs during typical week, past 30 days",0::4,0= None; 1= One day per week or less; 2= 2-3 days per week; 3= 4-5 days per week; 4= Nearly every day or every day,
V00PA130NM,pa130nm,Medical History,Integer,Ordinal,,Recommended,"How many flights of stairs have you climbed up, past 7 days (one flight equals 10 steps)",1::9,1= Less than one flight; 2= 1 to 2 flights; 3= 3 to 4 flights; 4= 5 to 6 flights; 5= More than 6 flights; 6=7 to 8 flights; 7=9 to 14 flights; 8= 15 to 21 flights; 9= >22 flights,pa130nf
V00PA230,pa230,Medical History,Integer,Binary,,Recommended,"Kneel 30 minutes or more during single day, past 30 days",0;1,0=No; 1=Yes,
V00PA230CV,pa230cv,Medical History,Integer,Ordinal,,Recommended,"How often kneel 30 minutes or more during typical week, past 30 days",0::4,0= None; 1= One day per week or less; 2= 2-3 days per week; 3= 4-5 days per week; 4= Nearly every day or every day,
V00PA330,pa330,Medical History,Integer,Binary,,Recommended,"Squat 30 minutes or more during single day, past 30 days",0;1,0=No; 1=Yes,
V00PA330CV,pa330cv,Medical History,Integer,Ordinal,,Recommended,"How often squat for 30 minutes or more during typical week, past 30 days",0::4,0= None; 1= One day per week or less; 2= 2-3 days per week; 3= 4-5 days per week; 4= Nearly every day or every day,
V00PA430,pa430,Medical History,Integer,Binary,,Recommended,"Lift or move objects weighing 25 pounds or more by hand during single day, past 30 days",0;1,0=No; 1=Yes,
V00PA430CV,pa430cv,Medical History,Integer,Ordinal,,Recommended,"How often lift or move objects weighing 25 pounds or more by hand during a typical week, past 30 days",0::4,0= None; 1= One day per week or less; 2= 2-3 days per week; 3= 4-5 days per week; 4= Nearly every day or every day,
V00PA530,pa530,Medical History,Integer,Binary,,Recommended,"Get in and out of squatting position 10 or more times during single day, past 30 days",0;1,0=No; 1=Yes,
V00PA530CV,pa530cv,Medical History,Integer,Ordinal,,Recommended,"How often get in and out of squatting position 10 or more times during a typical week, past 30 days",0::4,0= None; 1= One day per week or less; 2= 2-3 days per week; 3= 4-5 days per week; 4= Nearly every day or every day,
V00PASE,pase,Physical Activity,Integer,Continuous,,Recommended,Physical Activity Scale for the Elderly (PASE) score,0::793,Higher scores indicate greater activity levels,
V00PASE1,pase1,Physical Activity,Integer,Ordinal,,Recommended,"Leisure activities: sitting, past 7 days",0::3,0=Never; 1=Seldom (1-2 days); 2=Sometimes (3-4 days); 3=Often (5-7 days); Blank = Missing form/incomplete workbook/Not expected/Missing/Refused/Do not know/Unknown/Uncertain,
V00PASE1HR,pase1hr,Physical Activity,Integer,Ordinal,,Recommended,"Leisure activities: sitting, hours per day, past 7 days",1::4,"1=Less than 1 hour; 2=1 hour, but less than 2 hours; 3=2-4 hours; 4=More than 4 hours; Blank = Missing form/incomplete workbook/Not expected/Missing/Refused/Do not know/Unknown/Uncertain",
V00PASE2,pase2,Physical Activity,Integer,Ordinal,,Recommended,"Leisure activities: walking, past 7 days",0::3,0=Never; 1=Seldom (1-2 days); 2=Sometimes (3-4 days); 3=Often (5-7 days); Blank = Missing form/incomplete workbook/Not expected/Missing/Refused/Do not know/Unknown/Uncertain,
V00PASE2HR,pase2hr,Physical Activity,Integer,Ordinal,,Recommended,"Leisure activities: walking, hours per day, past 7 days",1::4,"1=Less than 1 hour; 2=1 hour, but less than 2 hours; 3=2-4 hours; 4=More than 4 hours; Blank = Missing form/incomplete workbook/Not expected/Missing/Refused/Do not know/Unknown/Uncertain",
V00PASE3,pase3,Physical Activity,Integer,Ordinal,,Recommended,"Leisure activities: light sport/recreation, past 7 days",0::3,0=Never; 1=Seldom (1-2 days); 2=Sometimes (3-4 days); 3=Often (5-7 days); Blank = Missing form/incomplete workbook/Not expected/Missing/Refused/Do not know/Unknown/Uncertain,
V00PASE3HR,pase3hr,Physical Activity,Integer,Ordinal,,Recommended,"Leisure activities: light sport/recreation, hours per day, past 7 days",1::4,"1=Less than 1 hour; 2=1 hour, but less than 2 hours; 3=2-4 hours; 4=More than 4 hours; Blank = Missing form/incomplete workbook/Not expected/Missing/Refused/Do not know/Unknown/Uncertain",
V00PASE4,pase4,Physical Activity,Integer,Ordinal,,Recommended,"Leisure activities: moderate sport/recreation, past 7 days",0::3,0=Never; 1=Seldom (1-2 days); 2=Sometimes (3-4 days); 3=Often (5-7 days); Blank = Missing form/incomplete workbook/Not expected/Missing/Refused/Do not know/Unknown/Uncertain,
V00PASE4HR,pase4hr,Physical Activity,Integer,Ordinal,,Recommended,"Leisure activities: moderate sport/recreation, hours per day, past 7 days",1::4,"1=Less than 1 hour; 2=1 hour, but less than 2 hours; 3=2-4 hours; 4=More than 4 hours; Blank = Missing form/incomplete workbook/Not expected/Missing/Refused/Do not know/Unknown/Uncertain",
V00PASE5,pase5,Physical Activity,Integer,Ordinal,,Recommended,"Leisure activities: strenuous sport/recreation, past 7 days",0::3,0=Never; 1=Seldom (1-2 days); 2=Sometimes (3-4 days); 3=Often (5-7 days); Blank = Missing form/incomplete workbook/Not expected/Missing/Refused/Do not know/Unknown/Uncertain,
V00PASE5HR,pase5hr,Physical Activity,Integer,Ordinal,,Recommended,"Leisure activities: strenuous sport/recreation, hours per day, past 7 days",1::4,"1=Less than 1 hour; 2=1 hour, but less than 2 hours; 3=2-4 hours; 4=More than 4 hours; Blank = Missing form/incomplete workbook/Not expected/Missing/Refused/Do not know/Unknown/Uncertain",
V00PASE6,pase6,Physical Activity,Integer,Ordinal,,Recommended,"Leisure activities: muscle strength/endurance, past 7 days",0::3,0=Never; 1=Seldom (1-2 days); 2=Sometimes (3-4 days); 3=Often (5-7 days); Blank = Missing form/incomplete workbook/Not expected/Missing/Refused/Do not know/Unknown/Uncertain,
V00PASE6HR,pase6hr,Physical Activity,Integer,Ordinal,,Recommended,"Leisure activities: muscle strength/endurance, hours per day, past 7 days",1::4,"1=Less than 1 hour; 2=1 hour, but less than 2 hours; 3=2-4 hours; 4=More than 4 hours; Blank = Missing form/incomplete workbook/Not expected/Missing/Refused/Do not know/Unknown/Uncertain",
V00WEEKWK,weekwk,Medical History,Integer,Count,,Recommended,"About how many weeks worked, past 12 months (include paid vacation weeks as weeks worked)",,,
V00WKHR7CV,wkhr7cv,Medical History,Integer,Count,,Recommended,"Occupational activities: number of hours worked, past 7 days",,,
V00WORK7,work7,Medical History,Integer,Binary,,Recommended,"Occupational activities: work (pay/volunteer), past 7 days",0;1,0=No; 1=Yes,
V00WORKAMT,workamt,Medical History,Integer,Ordinal,,Recommended,"Occupational activities: occupational activity level, past 7 days",1::4,1=Sitting; 2=Sitting/standing/walking; 3=Walking/handling <50 lbs; 4=Walking/handling >50lbs,
